frequency_hz,q,H1,L1,V1,Independent_peak_bound,Time_aligned,Fixed_response_coherent,H1_peak_geocentre_offset_s,L1_peak_geocentre_offset_s,V1_peak_geocentre_offset_s,time_aligned_offset_s,coherent_offset_s
40.0,2.0,7.473198947271447,10.205858089336502,3.6614398699039543,13.168689523490812,12.85505725042533,8.247008596503282,0.03701162338256836,0.04189443588256836,0.07216787338256836,0.03994131088256836,0.03847646713256836
40.0,3.0,6.589342809468924,9.249818995013365,3.328195220063568,11.834503518275021,11.486990330656896,8.204849444585285,0.03408193588256836,0.03749990463256836,0.07167959213256836,0.03603506088256836,0.03505849838256836
40.0,4.0,5.546770257092113,8.168571009206271,2.9837395927208155,10.314791058212311,9.92553455148483,7.614153306753027,0.03164052963256836,0.03261709213256836,-0.12509775161743164,0.03261709213256836,0.03212881088256836
40.0,5.0,4.851934532230745,7.242085015233498,3.1553035771221496,9.270652875430219,8.729335835956906,6.913165546149222,0.03017568588256836,0.02968740463256836,-0.11875009536743164,0.03017568588256836,0.03017568588256836
40.0,6.0,4.421042295970319,6.4514408922845,3.2597885316652757,8.47307062643618,7.8313107805338475,6.271973162372333,0.02968740463256836,0.02773427963256836,-0.11484384536743164,0.02871084213256836,0.02968740463256836
40.0,7.0,4.147951068370932,5.802279031101888,3.2620563445247597,7.84301929203406,7.153363494044706,5.74103833596874,0.03017568588256836,0.02724599838256836,-0.11484384536743164,0.02822256088256836,0.02968740463256836
40.0,8.0,3.96768876697291,5.283744140808805,3.203874022717294,7.343385802920685,6.643108457944402,5.321326409564734,0.03066396713256836,0.02724599838256836,-0.11533212661743164,0.02822256088256836,0.03066396713256836
40.0,9.0,3.8403946436952348,4.876128208220551,3.1154492202793276,6.944874452894471,6.259053558294581,4.995055748544812,0.03164052963256836,0.02773427963256836,-0.11582040786743164,0.02919912338256836,0.03164052963256836
40.0,10.0,3.7437539675046185,4.557449689130012,3.0109992626004405,6.62209619361862,5.967812446184309,4.73985686846086,0.03261709213256836,0.02871084213256836,-0.11679697036743164,0.03066396713256836,0.03359365463256836
40.0,11.0,3.6666911871992687,4.3074034107921815,2.8982843683853776,6.3559736221617475,5.7435262836330025,4.535982523753374,0.03359365463256836,0.03017568588256836,-0.11728525161743164,0.03261709213256836,0.03505849838256836
40.0,12.0,3.6042084491501694,4.108969361188034,2.7825980725658934,6.13325360551436,5.567478281250052,4.367784055449025,0.03457021713256836,0.03164052963256836,-0.11826181411743164,0.03408193588256836,0.03652334213256836
40.0,13.0,3.553897079158721,3.9485593281335003,2.6679585491247493,5.944687379239618,5.4268376945348145,4.224513110875565,0.03554677963256836,0.03310537338256836,-0.11923837661743164,0.03603506088256836,0.03847646713256836
40.0,14.0,3.514148466094644,3.8157419492480082,2.5573303600610844,5.7835166322486256,5.312608690425115,4.098612862867868,0.03603506088256836,0.03457021713256836,-0.12070322036743164,0.03749990463256836,0.03945302963256836
40.0,15.0,3.483268751365899,3.702713671994788,2.4526598380856224,5.644359132122748,5.218366124628955,3.984905207598336,0.03701162338256836,0.03554677963256836,-0.12167978286743164,0.03945302963256836,0.04091787338256836
40.0,16.0,3.4595354311301714,3.60377774530128,2.35501441334262,5.522833722268422,5.1393953766835,3.8798138547965726,0.03749990463256836,0.03701162338256836,-0.12216806411743164,0.04091787338256836,0.04189443588256836
40.0,17.0,3.4412173819593597,3.5148248971146754,2.2648860308203638,5.415318998903171,5.072065668451608,3.7809844011787956,0.03847646713256836,0.03798818588256836,-0.12314462661743164,0.04238271713256836,0.04238271713256836
40.0,18.0,3.426807371118137,3.433153216029938,2.18233021431696,5.319033270041372,5.013715336472224,3.6869351181474137,0.03896474838256836,0.03945302963256836,-0.12363290786743164,0.04335927963256836,0.04287099838256836
40.0,19.0,3.4150471707840735,3.3568920943667044,2.1072989780806295,5.231823840203496,4.962429772943478,3.596905963775897,0.03945302963256836,0.04042959213256836,-0.12412118911743164,0.04482412338256836,0.04335927963256836
40.0,20.0,3.4050331179040594,3.2848741198561062,2.0655607815064445,5.162479042032169,4.916742944299468,3.510537367591314,0.03994131088256836,0.04091787338256836,0.14980459213256836,0.04580068588256836,0.04384756088256836
42.0,2.0,7.543284268443531,10.36292613047685,3.621509696522737,13.319410948772314,13.033723418094546,8.164662129912578,0.03798818588256836,0.04335927963256836,0.07265615463256836,0.04091787338256836,0.03896474838256836
42.0,3.0,7.029923564711691,9.856230555497847,3.4910114302275286,12.599693127008981,12.242368457509631,8.481259405734914,0.03505849838256836,0.03945302963256836,0.07119131088256836,0.03749990463256836,0.03652334213256836
42.0,4.0,6.071035120837579,8.952336849112982,2.9362125711203793,11.208173212492518,10.893712885731757,8.182244650049162,0.03261709213256836,0.03505849838256836,0.07216787338256836,0.03408193588256836,0.03359365463256836
42.0,5.0,5.305121719653566,8.141208896767687,3.0491961619626986,10.184360362598987,9.747453732664457,7.682978010109804,0.03115224838256836,0.03212881088256836,-0.12851572036743164,0.03164052963256836,0.03212881088256836
42.0,6.0,4.774723589315251,7.420380043099276,3.136066012620071,9.364557404058147,8.845974999973427,7.149929646606592,0.02968740463256836,0.02968740463256836,-0.12412118911743164,0.02968740463256836,0.03115224838256836
42.0,7.0,4.402773637189423,6.791257712461241,3.192469339468482,8.700428581445905,8.13146034010408,6.655796177962604,0.02919912338256836,0.02822256088256836,-0.11972665786743164,0.02822256088256836,0.03066396713256836
42.0,8.0,4.132985594284757,6.257347059769032,3.2004626988515437,8.153460837932906,7.560364301266422,6.225356357206308,0.02871084213256836,0.02675771713256836,-0.11826181411743164,0.02724599838256836,0.03017568588256836
42.0,9.0,3.9284413998173227,5.810219526661673,3.169829535279352,7.696695528766134,7.099310473331903,5.859460044079217,0.02871084213256836,0.02626943588256836,-0.11777353286743164,0.02724599838256836,0.03066396713256836
42.0,10.0,3.764877077606242,5.435325221091643,3.1202229304665865,7.311145656073974,6.720229448433534,5.54886297027094,0.02919912338256836,0.02626943588256836,-0.11826181411743164,0.02724599838256836,0.03115224838256836
42.0,11.0,3.6271474698111206,5.1176532046169365,3.0641323011951536,6.981080134886772,6.400608652200386,5.281296221198366,0.02968740463256836,0.02626943588256836,-0.11923837661743164,0.02773427963256836,0.03164052963256836
42.0,12.0,3.5062621502616165,4.843942194377485,3.0080668825160606,6.693737119017872,6.123789017181338,5.0457322406414935,0.03066396713256836,0.02675771713256836,-0.12021493911743164,0.02871084213256836,0.03261709213256836
42.0,13.0,3.3973295904239604,4.603672375354787,2.9550054762186844,6.439542301286438,5.87793776761353,4.834029172061333,0.03212881088256836,0.02724599838256836,-0.12216806411743164,0.02968740463256836,0.03359365463256836
42.0,14.0,3.2977274612084724,4.389218099087641,2.906089060411579,6.211730480052306,5.655217145018886,4.641004239202087,0.03310537338256836,0.02773427963256836,-0.12412118911743164,0.03066396713256836,0.03457021713256836
42.0,15.0,3.206050445843599,4.195328626017654,2.8614402551703173,6.005612547899363,5.450748283269541,4.463738076999271,0.03505849838256836,0.02822256088256836,-0.12607431411743164,0.03164052963256836,0.03603506088256836
42.0,16.0,3.1215457827289175,4.018488846804593,2.8206960393553966,5.81795727313297,5.2617465573528746,4.300568650577214,0.03652334213256836,0.02822256088256836,-0.12851572036743164,0.03310537338256836,0.03701162338256836
42.0,17.0,3.0436619195622594,3.856247409573851,2.783449009121171,5.646424563457488,5.086382155335638,4.150456330323656,0.03798818588256836,0.02871084213256836,-0.13095712661743164,0.03408193588256836,0.03847646713256836
42.0,18.0,2.9720529187505655,3.706738321589674,2.7492860550211127,5.489224111741908,4.923537048469889,4.012531936224706,0.03994131088256836,0.02871084213256836,-0.13388681411743164,0.03554677963256836,0.03994131088256836
42.0,19.0,2.9062454675724294,3.568587796999589,2.7177880807880554,5.344853004036059,4.772438737420451,3.885926769050793,0.04238271713256836,0.02919912338256836,-0.13681650161743164,0.03652334213256836,0.04140615463256836
42.0,20.0,2.8457247100784393,3.4406382259505426,2.688500554667146,5.211926300310536,4.632287010085997,3.7696799486753485,0.04433584213256836,0.02919912338256836,-0.13974618911743164,0.03749990463256836,0.04287099838256836
44.0,2.0,7.530460357599266,10.403216221900955,3.5578290864683133,13.32639819176649,13.070622461996688,8.002175218100877,0.03945302963256836,0.04433584213256836,0.07314443588256836,0.04189443588256836,0.03994131088256836
44.0,3.0,7.375891193219729,10.356087992423898,3.5960612101976914,13.21302333414012,12.850296554486514,8.618777345454518,0.03603506088256836,0.04091787338256836,0.07070302963256836,0.03847646713256836,0.03798818588256836
44.0,4.0,6.576954791799255,9.667722911571017,3.162004221583406,12.112781320803148,11.784799886302684,8.580884377511515,0.03359365463256836,0.03798818588256836,0.07119131088256836,0.03603506088256836,0.03554677963256836
44.0,5.0,5.789960373293217,8.973193639672727,2.947046084017845,11.078218531907273,10.726770031582824,8.289538486950626,0.03212881088256836,0.03457021713256836,-0.13339853286743164,0.03359365463256836,0.03359365463256836
44.0,6.0,5.179239805143141,8.341770795140011,3.019925102973719,10.272760709049967,9.845413310072015,7.899046198018854,0.03066396713256836,0.03212881088256836,-0.13242197036743164,0.03115224838256836,0.03261709213256836
44.0,7.0,4.718189781222904,7.771877287655177,3.0352268834836504,9.585196587458627,9.12400980404631,7.486826019944051,0.02919912338256836,0.03017568588256836,-0.12998056411743164,0.02968740463256836,0.03164052963256836
44.0,8.0,4.360049558708407,7.266463209835392,3.0410467139649437,9.003304107426429,8.526111935958465,7.088788815040075,0.02822256088256836,0.02822256088256836,-0.12607431411743164,0.02773427963256836,0.03066396713256836
44.0,9.0,4.072968764175962,6.8244665114544585,3.0427726909560695,8.51004602624125,8.023713802041883,6.720064880771588,0.02724599838256836,0.02675771713256836,-0.12265634536743164,0.02675771713256836,0.03017568588256836
44.0,10.0,3.8352887415683514,6.438390480653742,3.0327966562832938,8.084563517651203,7.594149796418237,6.385963672394095,0.02626943588256836,0.02529287338256836,-0.12070322036743164,0.02529287338256836,0.02919912338256836
44.0,11.0,3.631475708662345,6.099185023506814,3.012579329939945,7.711245553913836,7.220008076989354,6.086076462435528,0.02578115463256836,0.02431631088256836,-0.11923837661743164,0.02431631088256836,0.02871084213256836
44.0,12.0,3.450474218531084,5.798250261649958,2.9874413059737264,7.379043568519535,6.888850494689476,5.817771914461877,0.02578115463256836,0.02333974838256836,-0.11826181411743164,0.02382802963256836,0.02822256088256836
44.0,13.0,3.2853255532968615,5.5294428489047815,2.961002579931852,7.0806524055917786,6.592088403675654,5.577581908425531,0.02529287338256836,0.02285146713256836,-0.11728525161743164,0.02333974838256836,0.02773427963256836
44.0,14.0,3.1317778948680837,5.287908810807579,2.9349572583725663,6.8105790122921706,6.324389424029439,5.3619750982157095,0.02578115463256836,0.02236318588256836,-0.11679697036743164,0.02285146713256836,0.02724599838256836
44.0,15.0,2.987441947619694,5.070100556218182,2.9098734007887153,6.564913727474212,6.08202442310254,5.167770922834765,0.02578115463256836,0.02187490463256836,-0.11582040786743164,0.02236318588256836,0.02675771713256836
44.0,16.0,2.85095594978204,4.873134251215637,2.8858672873125806,6.340632244338846,5.862279478331164,4.992265946919149,0.02578115463256836,0.02138662338256836,-0.11484384536743164,0.02187490463256836,0.02626943588256836
44.0,17.0,2.7216692311804267,4.694668784587885,2.862966454166561,6.135468630725872,5.663026295183222,4.833208782662998,0.02626943588256836,0.02089834213256836,-0.11386728286743164,0.02138662338256836,0.02578115463256836
44.0,18.0,2.59924283750822,4.5328121661840886,2.8411858531546543,5.947670679720795,5.482465180111288,4.688715047776307,0.02578115463256836,0.02089834213256836,-0.11289072036743164,0.02041006088256836,0.02480459213256836
44.0,19.0,2.483556957192939,4.385927021497006,2.8205650761688577,5.775811488130692,5.31909580702584,4.557284616668097,0.02578115463256836,0.02041006088256836,-0.11142587661743164,0.01992177963256836,0.02431631088256836
44.0,20.0,2.3745030251423644,4.252511918508222,2.8011273593157666,5.618579599558241,5.171425724126718,4.437409549885212,0.02529287338256836,0.02041006088256836,-0.10996103286743164,0.01845693588256836,0.02333974838256836
46.0,2.0,7.457018479548431,10.346466687421332,3.4819802686125234,13.220464595060685,12.993376741031327,7.779352232876752,0.04042959213256836,0.04531240463256836,0.07363271713256836,0.04287099838256836,0.04042959213256836
46.0,3.0,7.617165760834284,10.727680358872133,3.6343751493394745,13.649652846731795,13.296764346068729,8.630943498999159,0.03701162338256836,0.04238271713256836,0.07070302963256836,0.03994131088256836,0.03896474838256836
46.0,4.0,7.032623078329327,10.304635764585091,3.3676796390885464,12.922251032778615,12.57151123874648,8.808633356960582,0.03505849838256836,0.03994131088256836,0.07021474838256836,0.03798818588256836,0.03701162338256836
46.0,5.0,6.2882535863994145,9.73740591061636,2.9031771755018623,11.949378425145238,11.654477414566964,8.703150606356433,0.03310537338256836,0.03749990463256836,0.07070302963256836,0.03554677963256836,0.03554677963256836
46.0,6.0,5.631228146533955,9.19121716020502,2.876083479773744,11.15621170052769,10.814785146488608,8.45688749035867,0.03164052963256836,0.03505849838256836,-0.13681650161743164,0.03359365463256836,0.03408193588256836
46.0,7.0,5.103645531506323,8.689263089783514,2.8762581056141117,10.479663708576219,10.100255094244014,8.150129751381058,0.03066396713256836,0.03310537338256836,-0.13632822036743164,0.03164052963256836,0.03310537338256836
46.0,8.0,4.680293476853698,8.232545058304225,2.833479859082491,9.884763693600101,9.495712441364564,7.824523017470369,0.02919912338256836,0.03115224838256836,-0.13535165786743164,0.03017568588256836,0.03212881088256836
46.0,9.0,4.333538098705711,7.822101421440576,2.783790723276334,9.365592020328238,8.979021715882746,7.501892334877136,0.02773427963256836,0.02968740463256836,-0.13388681411743164,0.02871084213256836,0.03115224838256836
46.0,10.0,4.046568844076266,7.4564479764047,2.7420004564118376,8.915823144143294,8.535412521249349,7.194576912353997,0.02675771713256836,0.02773427963256836,-0.13144540786743164,0.02675771713256836,0.02968740463256836
46.0,11.0,3.8089764568554423,7.133134031719853,2.71013170034125,8.528465078579703,8.153340742658262,6.910282152781175,0.02529287338256836,0.02626943588256836,-0.12802743911743164,0.02529287338256836,0.02871084213256836
46.0,12.0,3.6129144469982712,6.8475194319650825,2.685384384930771,8.19469111481929,7.824351478743883,6.652556527972972,0.02382802963256836,0.02480459213256836,-0.12363290786743164,0.02333974838256836,0.02724599838256836
46.0,13.0,3.451580012978524,6.594901735944298,2.6652249228453218,7.90629858923313,7.540627612975394,6.422857467896121,0.02187490463256836,0.02285146713256836,-0.11826181411743164,0.02187490463256836,0.02626943588256836
46.0,14.0,3.318390807510273,6.370466107506888,2.649199172062834,7.655900484692904,7.294803598985193,6.219614571835511,0.01992177963256836,0.02187490463256836,-0.11240243911743164,0.01992177963256836,0.02480459213256836
46.0,15.0,3.2072109478070123,6.169723460726786,2.637615898523392,7.436982403752144,7.07977191582445,6.0399061288002835,0.01796865463256836,0.02041006088256836,-0.10605478286743164,0.01845693588256836,0.02333974838256836
46.0,16.0,3.1125200514620213,5.988684628290514,2.6289560324413177,7.243171575241458,6.8894315905776615,5.880073922316712,0.01601552963256836,0.01943349838256836,-0.09970712661743164,0.01650381088256836,0.02236318588256836
46.0,17.0,3.0297775703082483,5.824013498625117,2.619540967293856,7.068286937939161,6.71846920358716,5.736083094590757,0.01455068588256836,0.01845693588256836,-0.09482431411743164,0.01503896713256836,0.02138662338256836
46.0,18.0,2.9554769110058365,5.672841829700346,2.6060405851193935,6.907056227335636,6.562756580025634,5.6045209166723104,0.01308584213256836,0.01796865463256836,-0.09140634536743164,0.01406240463256836,0.02041006088256836
46.0,19.0,2.8872252196441712,5.532821597105861,2.586989802449616,6.7557901486301875,6.41902182980001,5.482504430032309,0.01162099838256836,0.01748037338256836,-0.08896493911743164,0.01308584213256836,0.01943349838256836
46.0,20.0,2.8234247413093314,5.402029166847798,2.562396165162731,6.612073842339683,6.284980129561635,5.367769947788025,0.01064443588256836,0.01699209213256836,-0.08701181411743164,0.01210927963256836,0.01845693588256836
48.0,2.0,7.3443630234897155,10.213962764169532,3.400294951303458,13.03175772198457,12.82976627343675,7.515823627152454,0.04140615463256836,0.04628896713256836,0.07363271713256836,0.04384756088256836,0.04091787338256836
48.0,3.0,7.754968692457773,10.95936820696268,3.610696253431692,13.902676661396187,13.574215618089783,8.532282523753423,0.03798818588256836,0.04384756088256836,0.07119131088256836,0.04140615463256836,0.03994131088256836
48.0,4.0,7.408527753722741,10.834951061233442,3.5189482821671048,13.589166456761454,13.225787687172572,8.877959032942934,0.03603506088256836,0.04189443588256836,0.06972646713256836,0.03945302963256836,0.03847646713256836
48.0,5.0,6.772986523973583,10.429738936415548,3.170021663450521,12.833621393919017,12.512442313871516,8.91781657859147,0.03457021713256836,0.04042959213256836,0.06923818588256836,0.03798818588256836,0.03749990463256836
48.0,6.0,6.117218241995794,9.971870350901014,2.7630817695604524,12.020531526544994,11.755478834650692,8.793539305495532,0.03359365463256836,0.03847646713256836,0.06972646713256836,0.03652334213256836,0.03603506088256836
48.0,7.0,5.5481746269103045,9.529892995821706,2.6638308799500185,11.344474300710377,11.066330825030532,8.582423530540561,0.03212881088256836,0.03701162338256836,-0.14023447036743164,0.03505849838256836,0.03505849838256836
48.0,8.0,5.077275304478964,9.119866136156356,2.6011388315270785,10.757165336637783,10.46530987061088,8.333182086092332,0.03115224838256836,0.03554677963256836,-0.14023447036743164,0.03359365463256836,0.03408193588256836
48.0,9.0,4.687858086504279,8.744327869510514,2.500787277784695,10.231970501200227,9.943110005904481,8.072867663633298,0.02968740463256836,0.03408193588256836,-0.14023447036743164,0.03212881088256836,0.03310537338256836
48.0,10.0,4.362932214801134,8.4022138492873,2.388938943396437,9.764189897548128,9.487482356300935,7.815497857939266,0.02871084213256836,0.03261709213256836,-0.14023447036743164,0.03115224838256836,0.03261709213256836
48.0,11.0,4.091333247323133,8.092496358221295,2.2810274847527627,9.350432687029734,9.089872323210127,7.568132198250567,0.02773427963256836,0.03164052963256836,-0.14023447036743164,0.02968740463256836,0.03164052963256836
48.0,12.0,3.8665646053072966,7.813555935642757,2.184071183668434,8.987332481986197,8.74338211536771,7.3344487948607,0.02675771713256836,0.03017568588256836,-0.13925790786743164,0.02822256088256836,0.03066396713256836
48.0,13.0,3.6841430357627276,7.562898266456827,2.0992741299555253,8.670483952435136,8.443039981881993,7.116220594623187,0.02578115463256836,0.02871084213256836,-0.13779306411743164,0.02724599838256836,0.02968740463256836
48.0,14.0,3.5402405466809657,7.3378175430559,2.0252318471428556,8.395143444767607,8.183547504213806,6.914015353208467,0.02431631088256836,0.02773427963256836,-0.13632822036743164,0.02578115463256836,0.02871084213256836
48.0,15.0,3.431128537938938,7.134889897954882,2.0408908606694505,8.175850561560045,7.95993667915399,6.727677136470482,0.02285146713256836,0.02626943588256836,-0.03525400161743164,0.02382802963256836,0.02773427963256836
48.0,16.0,3.353053799091159,6.951005901752514,2.0378044659852206,7.98198596010963,7.767097427333602,6.556632040453987,0.02041006088256836,0.02480459213256836,-0.03720712661743164,0.02236318588256836,0.02675771713256836
48.0,17.0,3.3018474281057952,6.783589495195094,2.0183953866755426,7.809814518588978,7.600354695191886,6.400102254482541,0.01748037338256836,0.02382802963256836,-0.03867197036743164,0.02041006088256836,0.02626943588256836
48.0,18.0,3.27349751395322,6.630292560526738,1.9886862103997986,7.65711683699997,7.455304992382324,6.257218807853558,0.01455068588256836,0.02236318588256836,-0.04062509536743164,0.01845693588256836,0.02529287338256836
48.0,19.0,3.2637746850325864,6.489449963859476,1.9534683423840584,7.522049228288262,7.32816756268964,6.126942680715416,0.01064443588256836,0.02138662338256836,-0.04257822036743164,0.01650381088256836,0.02431631088256836
48.0,20.0,3.2684138503340963,6.359621675538469,1.9162315667420815,7.402652252430428,7.215825975109613,6.0083597735299765,0.006738185882568359,0.02041006088256836,-0.04501962661743164,0.01503896713256836,0.02382802963256836
50.0,2.0,7.214094998414018,10.023589164600159,3.317858277623845,12.787638168842163,12.60245262039345,7.229749479830688,0.04287099838256836,0.04726552963256836,0.07412099838256836,0.04482412338256836,0.04140615463256836
50.0,3.0,7.798857312181424,11.050931773700636,3.5395684243643935,13.981194980169233,13.69015297951548,8.339740750123509,0.03896474838256836,0.04482412338256836,0.07167959213256836,0.04238271713256836,0.04091787338256836
50.0,4.0,7.683661871969878,11.227271124466798,3.5952115992059537,14.071809517901904,13.7158133650482,8.80790392440588,0.03701162338256836,0.04384756088256836,0.06923818588256836,0.04140615463256836,0.03994131088256836
50.0,5.0,7.208401552351725,11.021423693058662,3.3997495708062253,13.601144448393256,13.26363982732351,8.948440630654396,0.03603506088256836,0.04287099838256836,0.06826162338256836,0.04042959213256836,0.03896474838256836
50.0,6.0,6.615802068618958,10.678364354041037,3.086030079600246,12.93521874345365,12.652944829389291,8.911788335879361,0.03505849838256836,0.04189443588256836,0.06728506088256836,0.03945302963256836,0.03798818588256836
50.0,7.0,6.043838148659103,10.300648739504279,2.7510941464480325,12.255605371602776,12.031847060123718,8.77227790624654,0.03408193588256836,0.04091787338256836,0.06728506088256836,0.03847646713256836,0.03749990463256836
50.0,8.0,5.544648254805748,9.93114086825352,2.4333636725589596,11.631506436293853,11.458854259821855,8.578709269071918,0.03359365463256836,0.03994131088256836,0.06728506088256836,0.03749990463256836,0.03701162338256836
50.0,9.0,5.12317691774546,9.585131365718128,2.2474222164568305,11.098314811160165,10.948267704449627,8.363826886768264,0.03261709213256836,0.03896474838256836,0.00869131088256836,0.03701162338256836,0.03603506088256836
50.0,10.0,4.7665133852502075,9.265561098482724,2.122452298041471,10.633676508101386,10.494945005999275,8.145187013827181,0.03212881088256836,0.03847646713256836,0.007226467132568359,0.03652334213256836,0.03603506088256836
50.0,11.0,4.460615275130432,8.970098124244169,1.9932316685604807,10.214339013164196,10.090014727910628,7.93030339119973,0.03164052963256836,0.03798818588256836,0.005273342132568359,0.03603506088256836,0.03554677963256836
50.0,12.0,4.193833161267159,8.695481211446006,1.8732131354003863,9.83405092186283,9.724675554641912,7.7211546233227315,0.03164052963256836,0.03749990463256836,0.0038084983825683594,0.03554677963256836,0.03505849838256836
50.0,13.0,3.9578694001061443,8.438603241319525,1.7710240942028297,9.487427533054042,9.391969483167378,7.517990117738339,0.03115224838256836,0.03701162338256836,0.0023436546325683594,0.03554677963256836,0.03505849838256836
50.0,14.0,3.7466128751116607,8.197245393127766,1.6897470202440728,9.1699064915369,9.086602807404406,7.319637224438827,0.03164052963256836,0.03701162338256836,0.0008788108825683594,0.03505849838256836,0.03505849838256836
50.0,15.0,3.5557232003356827,7.969554833498481,1.6278270602788532,8.877319001800066,8.804321632243271,7.125340014090742,0.03164052963256836,0.03652334213256836,-0.0005860328674316406,0.03505849838256836,0.03505849838256836
50.0,16.0,3.3820923602080843,7.75421699739339,1.5808232153652857,8.606127585266227,8.542241911648297,6.934649075768145,0.03212881088256836,0.03603506088256836,-0.0020508766174316406,0.03457021713256836,0.03505849838256836
50.0,17.0,3.2233984758186205,7.550277293009768,1.543443031990949,8.353394599098628,8.297855780090726,6.747508773710843,0.03212881088256836,0.03554677963256836,-0.0030274391174316406,0.03408193588256836,0.03457021713256836
50.0,18.0,3.077970961996414,7.356904772355389,1.5114739733585019,8.116803967359244,8.069416048706348,6.564125322824376,0.03261709213256836,0.03505849838256836,-0.0030274391174316406,0.03408193588256836,0.03457021713256836
50.0,19.0,2.944335980938139,7.173317753615325,1.4826120289249896,7.894538643346603,7.855400554150606,6.384697693862877,0.03261709213256836,0.03457021713256836,-0.0025391578674316406,0.03359365463256836,0.03457021713256836
50.0,20.0,2.8215121369228244,6.998865888364282,1.4561829128283694,7.685409757308017,7.6543747385824545,6.209658710357099,0.03261709213256836,0.03359365463256836,-0.0010743141174316406,0.03261709213256836,0.03408193588256836
52.0,2.0,7.0767215224512965,9.789093068288098,3.2348318586718863,12.504817781951488,12.330449918288101,6.9378104193761585,0.04384756088256836,0.04824209213256836,0.07412099838256836,0.04531240463256836,0.04238271713256836
52.0,3.0,7.763398791964573,11.014800496902657,3.442054095541248,13.90841210154043,13.658240125694512,8.072544076857431,0.03994131088256836,0.04628896713256836,0.07265615463256836,0.04335927963256836,0.04140615463256836
52.0,4.0,7.851373499654846,11.455351448580833,3.5898006489207805,14.344190856948934,14.022029011607295,8.618439184792747,0.03847646713256836,0.04531240463256836,0.06923818588256836,0.04287099838256836,0.04091787338256836
52.0,5.0,7.560887160013922,11.464358251483604,3.5578669655850854,14.186505634215397,13.858550556166273,8.818489175085544,0.03749990463256836,0.04482412338256836,0.06679677963256836,0.04238271713256836,0.04042959213256836
52.0,6.0,7.090406751697899,11.268412050321391,3.3795402638400764,13.735802504232062,13.452286219181874,8.834239441625053,0.03652334213256836,0.04482412338256836,0.06533193588256836,0.04189443588256836,0.03994131088256836
52.0,7.0,6.57435157003605,10.980980800259955,3.1369736855149615,13.177429256335492,12.956712270704871,8.74216129017809,0.03603506088256836,0.04433584213256836,0.06386709213256836,0.04189443588256836,0.03994131088256836
52.0,8.0,6.087468147101269,10.661473795788808,2.880632863526773,12.610405926642267,12.450325656935085,8.58755314914982,0.03603506088256836,0.04384756088256836,0.06289052963256836,0.04189443588256836,0.03945302963256836
52.0,9.0,5.657736340186344,10.342509957154153,2.638922776214284,12.080621098590935,11.970644379714019,8.400799766634197,0.03554677963256836,0.04384756088256836,0.06093740463256836,0.04140615463256836,0.03945302963256836
52.0,10.0,5.2876454396872274,10.038196933405215,2.426721171092818,11.602308719039547,11.53001959859978,8.202823245305687,0.03554677963256836,0.04384756088256836,0.05849599838256836,0.04140615463256836,0.03945302963256836
52.0,11.0,4.968656615824136,9.753504887233259,2.3192048772164995,11.18915177364937,11.128286509551058,8.005484490624927,0.03554677963256836,0.04384756088256836,0.02089834213256836,0.04189443588256836,0.03945302963256836
52.0,12.0,4.6901942444571985,9.488025038577902,2.2120927059109956,10.81267290372576,10.760735661142904,7.814491045725923,0.03554677963256836,0.04384756088256836,0.02236318588256836,0.04189443588256836,0.03994131088256836
52.0,13.0,4.442812163921918,9.239990633015687,2.106718027066964,10.46681745649933,10.421635797871394,7.632475095631048,0.03554677963256836,0.04433584213256836,0.02480459213256836,0.04238271713256836,0.03994131088256836
52.0,14.0,4.219411401315289,9.00698860295902,2.0047512423871723,10.146344357020219,10.106524078369677,7.459730527404312,0.03603506088256836,0.04482412338256836,0.02675771713256836,0.04287099838256836,0.04042959213256836
52.0,15.0,4.014886033801638,8.787068126452331,1.9066451819610903,9.84719107021009,9.811970322754238,7.295875583434804,0.03652334213256836,0.04531240463256836,0.02822256088256836,0.04335927963256836,0.04140615463256836
52.0,16.0,3.8259056161709473,8.578624922551484,1.8129642764213993,9.566462188983449,9.535427713357846,7.140144703100349,0.03701162338256836,0.04580068588256836,0.02919912338256836,0.04384756088256836,0.04189443588256836
52.0,17.0,3.6504650688786113,8.380690036184715,1.7245439720847096,9.302468092574271,9.275164982644272,6.991600343329297,0.03798818588256836,0.04677724838256836,0.02968740463256836,0.04482412338256836,0.04238271713256836
52.0,18.0,3.4873371406675204,8.192201295403175,1.6421732779045553,9.053751458470039,9.030041825205029,6.849723467145864,0.03896474838256836,0.04726552963256836,0.03017568588256836,0.04531240463256836,0.04335927963256836
52.0,19.0,3.3360146981601306,8.01271925662192,1.5664261861940232,8.81965730335224,8.799078124013894,6.713885249837458,0.04042959213256836,0.04824209213256836,0.02968740463256836,0.04628896713256836,0.04384756088256836
52.0,20.0,3.196132934718916,7.841842579537709,1.4975894405590902,8.599565972252302,8.581564997834043,6.58397184239677,0.04238271713256836,0.04873037338256836,0.02968740463256836,0.04726552963256836,0.04482412338256836
54.0,2.0,6.934625984246569,9.521776246568255,3.1766253192763467,12.200172492639876,12.021652256300344,6.649598222435196,0.04433584213256836,0.04921865463256836,0.04042959213256836,0.04580068588256836,0.04287099838256836
54.0,3.0,7.665931797376952,10.87167759193691,3.335438670232305,13.714409761558796,13.50196549843798,7.748370921445514,0.04140615463256836,0.04726552963256836,0.07363271713256836,0.04433584213256836,0.04189443588256836
54.0,4.0,7.914829798796044,11.511591225399156,3.5101353027545956,14.404246357523908,14.135396201866556,8.332050075951514,0.03945302963256836,0.04628896713256836,0.06972646713256836,0.04384756088256836,0.04189443588256836
54.0,5.0,7.8056205537126155,11.714047832704717,3.6209601888983456,14.534716424651071,14.243797162233932,8.557103126168633,0.03896474838256836,0.04677724838256836,0.06630849838256836,0.04384756088256836,0.04189443588256836
54.0,6.0,7.494840168815618,11.674981494651268,3.598413671083435,14.332703966969452,14.068070394906988,8.590593417536471,0.03847646713256836,0.04677724838256836,0.06337881088256836,0.04433584213256836,0.04189443588256836
54.0,7.0,7.092656114332114,11.499824208709317,3.4866106661023126,13.953787354133214,13.741296799779931,8.522083686466138,0.03798818588256836,0.04726552963256836,0.06093740463256836,0.04482412338256836,0.04189443588256836
54.0,8.0,6.67402702177865,11.25176117330019,3.334566953577547,13.500522321610697,13.342769048594079,8.394065778404729,0.03847646713256836,0.04726552963256836,0.05800771713256836,0.04482412338256836,0.04189443588256836
54.0,9.0,6.27955180545082,10.968767394828072,3.1776862232120484,13.032433340415587,12.920073814227866,8.230368018635776,0.03847646713256836,0.04726552963256836,0.05458974838256836,0.04531240463256836,0.04238271713256836
54.0,10.0,5.925938173216912,10.676512572540311,3.037026357342345,12.582853135898585,12.500814141482806,8.048088571611187,0.03847646713256836,0.04775381088256836,0.05019521713256836,0.04580068588256836,0.04238271713256836
54.0,11.0,5.616627033449118,10.388898018726099,2.9177358809696674,12.165068185072386,12.101346465968803,7.858773858208273,0.03896474838256836,0.04775381088256836,0.04580068588256836,0.04580068588256836,0.04287099838256836
54.0,12.0,5.347985626175404,10.115101371347194,2.812495818053262,11.7824597914432,11.727889185561306,7.671335603499351,0.03896474838256836,0.04824209213256836,0.04238271713256836,0.04628896713256836,0.04335927963256836
54.0,13.0,5.114610627102727,9.858730915563628,2.7126765694787727,11.432953743585308,11.382796493432425,7.492025076394002,0.03896474838256836,0.04873037338256836,0.04042959213256836,0.04677724838256836,0.04335927963256836
54.0,14.0,4.911447921998357,9.621343577095892,2.613532239548219,11.114095720578634,11.065888006858216,7.324577382995275,0.03896474838256836,0.04921865463256836,0.03945302963256836,0.04677724838256836,0.04384756088256836
54.0,15.0,4.734229186213111,9.403002675583803,2.513307798545362,10.823405258737065,10.775463419418301,7.171188302661728,0.03896474838256836,0.05019521713256836,0.03896474838256836,0.04726552963256836,0.04482412338256836
54.0,16.0,4.579437871176393,9.202546229375155,2.411887444789077,10.558186840839797,10.50957738682085,7.032705259691904,0.03896474838256836,0.05068349838256836,0.03847646713256836,0.04824209213256836,0.04531240463256836
54.0,17.0,4.444220031232541,9.01868036700716,2.309953670489079,10.316180165548435,10.266005561714515,6.908874009737884,0.03847646713256836,0.05166006088256836,0.03847646713256836,0.04873037338256836,0.04580068588256836
54.0,18.0,4.3260783446194795,8.84967121648756,2.208531760752918,10.095010996624442,10.042516544637841,6.799044483841074,0.03798818588256836,0.05263662338256836,0.03896474838256836,0.04921865463256836,0.04677724838256836
54.0,19.0,4.222735225953712,8.693866931935792,2.1086682459290724,9.892486886021462,9.837059682148185,6.701801404264671,0.03749990463256836,0.05361318588256836,0.03896474838256836,0.05019521713256836,0.04775381088256836
54.0,20.0,4.132206018797545,8.549603788034805,2.0113744299430736,9.70651732660044,9.647663308202569,6.6157135185574045,0.03652334213256836,0.05458974838256836,0.03945302963256836,0.05068349838256836,0.04824209213256836
56.0,2.0,6.790146561606673,9.232974577019384,3.1755913759542267,11.892783124862746,11.685472282641284,6.371586428037753,0.04531240463256836,0.05019521713256836,0.04042959213256836,0.04628896713256836,0.04335927963256836
56.0,3.0,7.525892801428194,10.644055149332914,3.2293664569300007,13.429958309457772,13.248040161601672,7.385562339493809,0.04238271713256836,0.04824209213256836,0.07460927963256836,0.04580068588256836,0.04238271713256836
56.0,4.0,7.886698125800613,11.407232485432173,3.3791782878146153,14.273885462796866,14.065055205960197,7.969366526234907,0.04091787338256836,0.04775381088256836,0.07119131088256836,0.04531240463256836,0.04287099838256836
56.0,5.0,7.931603746408814,11.750755695198903,3.578767463957258,14.621838939045077,14.389735768913168,8.192361670006461,0.04042959213256836,0.04775381088256836,0.06582021713256836,0.04580068588256836,0.04287099838256836
56.0,6.0,7.7845763607219896,11.838543026793785,3.705528687185972,14.645192827843461,14.419285703107033,8.214695292212232,0.03994131088256836,0.04824209213256836,0.06142568588256836,0.04628896713256836,0.04335927963256836
56.0,7.0,7.528717028456169,11.77029331796724,3.7352915180943085,14.462841616041347,14.265520280416004,8.140330351052095,0.03994131088256836,0.04921865463256836,0.05800771713256836,0.04677724838256836,0.04335927963256836
56.0,8.0,7.223345026836723,11.60025405249896,3.702163175353852,14.157987838538055,13.996278216887939,8.019211262788273,0.04042959213256836,0.04970693588256836,0.05507802963256836,0.04726552963256836,0.04384756088256836
56.0,9.0,6.907611046786904,11.364942447999171,3.6335542064767496,13.78694032015192,13.658133316575032,7.870086107544004,0.04042959213256836,0.05019521713256836,0.05263662338256836,0.04775381088256836,0.04433584213256836
56.0,10.0,6.604942614865068,11.091858499968138,3.5457466619274385,13.387565548655424,13.285383569604571,7.7019955659280726,0.04091787338256836,0.05019521713256836,0.05068349838256836,0.04824209213256836,0.04482412338256836
56.0,11.0,6.3268677430793065,10.802393641814135,3.4496666108199365,12.985421192896663,12.903142450439987,7.521384253982365,0.04140615463256836,0.05068349838256836,0.04873037338256836,0.04824209213256836,0.04531240463256836
56.0,12.0,6.077878664140855,10.510403681191228,3.3531444201778258,12.595744205889005,12.528929161651117,7.334057936692796,0.04140615463256836,0.05117177963256836,0.04775381088256836,0.04873037338256836,0.04531240463256836
56.0,13.0,5.8576733159561165,10.226533283727896,3.261393217318515,12.228287099902014,12.172159579220272,7.145700230671025,0.04189443588256836,0.05117177963256836,0.04628896713256836,0.04873037338256836,0.04580068588256836
56.0,14.0,5.663604541579851,9.955904476110897,3.1767112099994894,11.886460551929886,11.838155895983759,6.96009460699761,0.04189443588256836,0.05117177963256836,0.04531240463256836,0.04921865463256836,0.04580068588256836
56.0,15.0,5.492245056266255,9.701541823487725,3.0996255099538224,11.571186102250673,11.528548064382969,6.78020757827901,0.04189443588256836,0.05166006088256836,0.04482412338256836,0.04921865463256836,0.04580068588256836
56.0,16.0,5.340271517187615,9.464384516948693,3.029426996984355,11.281422875329206,11.242635393406307,6.607721428918174,0.04189443588256836,0.05166006088256836,0.04433584213256836,0.04921865463256836,0.04580068588256836
56.0,17.0,5.204837606143792,9.243790960891994,2.965046061546436,11.014967271040309,10.97886869255395,6.443334617071474,0.04140615463256836,0.05166006088256836,0.04384756088256836,0.04921865463256836,0.04580068588256836
56.0,18.0,5.0837110200553415,9.038692027077712,2.9052689126535305,10.769524536887474,10.735201981588967,6.287112421517143,0.04091787338256836,0.05166006088256836,0.04384756088256836,0.04921865463256836,0.04531240463256836
56.0,19.0,4.975197507315451,8.847699384130577,2.849038407014572,10.542836168384037,10.50970127553924,6.138821534103563,0.04042959213256836,0.05166006088256836,0.04335927963256836,0.04873037338256836,0.04531240463256836
56.0,20.0,4.8778771432840085,8.669350362342868,2.795435154097739,10.332752722812659,10.300145772118146,5.997854975038447,0.03994131088256836,0.05166006088256836,0.04384756088256836,0.04873037338256836,0.04531240463256836
58.0,2.0,6.6400475931710154,8.935346957467964,3.172266699647718,11.575574858450961,11.327799596054081,6.108856262890946,0.04580068588256836,0.05117177963256836,0.04042959213256836,0.04677724838256836,0.04335927963256836
58.0,3.0,7.357906165747169,10.354488298229946,3.1658787737638283,13.091103829406038,12.92139768937363,7.000679222132174,0.04335927963256836,0.04921865463256836,0.04189443588256836,0.04628896713256836,0.04287099838256836
58.0,4.0,7.782221810835281,11.165368877066804,3.234789776600644,13.98900651843484,13.832878689347648,7.549629623530235,0.04238271713256836,0.04873037338256836,0.04287099838256836,0.04628896713256836,0.04335927963256836
58.0,5.0,7.941537856989832,11.581363461826088,3.4348846824747574,14.45663985685549,14.295052900846144,7.752289359741512,0.04189443588256836,0.04873037338256836,0.06630849838256836,0.04677724838256836,0.04384756088256836
58.0,6.0,7.933383575640969,11.740716854774051,3.681633391269256,14.640267471939648,14.465935292094857,7.743119674506189,0.04189443588256836,0.04970693588256836,0.05898427963256836,0.04726552963256836,0.04433584213256836
58.0,7.0,7.818341236993688,11.738355667692698,3.832126747298736,14.615082924386424,14.444893018517897,7.635713078678595,0.04189443588256836,0.05068349838256836,0.05654287338256836,0.04824209213256836,0.04482412338256836
58.0,8.0,7.637714304973737,11.62585747118921,3.905642374091233,14.448158502006526,14.289514275919057,7.49106091259161,0.04189443588256836,0.05117177963256836,0.05458974838256836,0.04873037338256836,0.04580068588256836
58.0,9.0,7.422484493147238,11.43283185397197,3.925864690145068,14.185039084103195,14.042453931632972,7.331850806138379,0.04238271713256836,0.05166006088256836,0.05263662338256836,0.04921865463256836,0.04628896713256836
58.0,10.0,7.193882461360776,11.185081284201399,3.9076325419415063,13.86100935303439,13.736120554263906,7.163737959531242,0.04238271713256836,0.05214834213256836,0.05166006088256836,0.04970693588256836,0.04677724838256836
58.0,11.0,6.965764581500636,10.90324118481821,3.862305066740409,13.502590305855147,13.395640029054116,6.988444636552468,0.04287099838256836,0.05263662338256836,0.05117177963256836,0.05019521713256836,0.04726552963256836
58.0,12.0,6.747241861577007,10.604326016362627,3.799766830738982,13.13069803810546,13.04138951886606,6.807343655736739,0.04287099838256836,0.05263662338256836,0.05068349838256836,0.05019521713256836,0.04726552963256836
58.0,13.0,6.542379729013321,10.300572887810086,3.72861253064151,12.75958799253916,12.686675688887872,6.6225312968687335,0.04335927963256836,0.05263662338256836,0.05068349838256836,0.05019521713256836,0.04775381088256836
58.0,14.0,6.353262809989364,10.000686162651151,3.6555307601963096,12.399216797660147,12.340885819600487,6.435996847044363,0.04335927963256836,0.05263662338256836,0.05019521713256836,0.05019521713256836,0.04726552963256836
58.0,15.0,6.179077530248707,9.71015778964546,3.585232293875456,12.054959727252694,12.009499228719873,6.249850039731701,0.04384756088256836,0.05263662338256836,0.05019521713256836,0.05019521713256836,0.04726552963256836
58.0,16.0,6.018411324508043,9.432707366524735,3.5207608013667238,11.730004252083505,11.695215819207275,6.065650959345246,0.04384756088256836,0.05214834213256836,0.04970693588256836,0.05019521713256836,0.04677724838256836
58.0,17.0,5.869139949336649,9.169607160129685,3.4635831466971654,11.424749775381763,11.399042615491407,5.8850845171883135,0.04433584213256836,0.05166006088256836,0.04921865463256836,0.04970693588256836,0.04677724838256836
58.0,18.0,5.729074389886212,8.921807253433094,3.414189545148369,11.139013793081588,11.120804265665111,5.709306567281758,0.04482412338256836,0.05166006088256836,0.04873037338256836,0.04970693588256836,0.04580068588256836
58.0,19.0,5.596389437327178,8.689123448852545,3.372343794267112,10.87166701616446,10.85934215323629,5.539124187086627,0.04531240463256836,0.05117177963256836,0.04824209213256836,0.04921865463256836,0.04531240463256836
58.0,20.0,5.469619240869074,8.470983629108213,3.3373914294372535,10.621321943994813,10.613697581791481,5.37496197840453,0.04580068588256836,0.05068349838256836,0.04775381088256836,0.04921865463256836,0.04482412338256836
60.0,2.0,6.484752842275387,8.642407922026987,3.1680472475553767,11.25965174767216,10.95699540582471,5.8611732558284135,0.04580068588256836,0.05263662338256836,0.04042959213256836,0.04677724838256836,0.04384756088256836
60.0,3.0,7.176429972017406,10.021816818450894,3.1527890771690936,12.723130057142845,12.543276836211325,6.60818928178049,0.04482412338256836,0.05019521713256836,0.04189443588256836,0.04726552963256836,0.04335927963256836
60.0,4.0,7.620038592890404,10.81656599950097,3.217264193074703,13.616676432475739,13.469956652589923,7.092019053995301,0.04335927963256836,0.04921865463256836,0.04287099838256836,0.04726552963256836,0.04433584213256836
60.0,5.0,7.847980854445099,11.237173001161624,3.3496035117723646,14.109737922295025,13.983650448603933,7.260301315627835,0.04335927963256836,0.04970693588256836,0.04531240463256836,0.04775381088256836,0.04482412338256836
60.0,6.0,7.935918967719076,11.403698061640855,3.553467364579003,14.340511485104107,14.217945901841558,7.211401021169287,0.04335927963256836,0.05019521713256836,0.05117177963256836,0.04824209213256836,0.04531240463256836
60.0,7.0,7.927217312306913,11.412010582763362,3.7607226446012727,14.39506146799166,14.263374809115792,7.054824051286394,0.04384756088256836,0.05117177963256836,0.05410146713256836,0.04921865463256836,0.04580068588256836
60.0,8.0,7.849139788261912,11.315070820974256,3.906228371651499,14.314274106318992,14.175429344635063,6.861596859107569,0.04384756088256836,0.05214834213256836,0.05410146713256836,0.04970693588256836,0.04677724838256836
60.0,9.0,7.724053968621924,11.14208632921662,3.999036135908119,14.135041121065015,13.994728921219934,6.663044388243547,0.04384756088256836,0.05312490463256836,0.05361318588256836,0.05019521713256836,0.04726552963256836
60.0,10.0,7.5691745084197635,10.914853473101113,4.051434909481408,13.886704213165325,13.750236078205225,6.47009183201737,0.04384756088256836,0.05361318588256836,0.05312490463256836,0.05068349838256836,0.04824209213256836
60.0,11.0,7.396547197338373,10.650228740812139,4.072146877333134,13.591124415023543,13.462763792346651,6.284251250835003,0.04384756088256836,0.05361318588256836,0.05312490463256836,0.05117177963256836,0.04873037338256836
60.0,12.0,7.214640464509129,10.36311181581044,4.067396489171285,13.266078461220006,13.149371535615009,6.10500964334748,0.04335927963256836,0.05410146713256836,0.05312490463256836,0.05117177963256836,0.04921865463256836
60.0,13.0,7.029535752048084,10.064271351157448,4.042290220532703,12.92455186635363,12.821297394916225,5.932023835329925,0.04384756088256836,0.05410146713256836,0.05312490463256836,0.05117177963256836,0.04921865463256836
60.0,14.0,6.845916752829779,9.762006505950092,4.00121919597724,12.576688843377818,12.487531830305867,5.76483511245714,0.04384756088256836,0.05410146713256836,0.05312490463256836,0.05117177963256836,0.04970693588256836
60.0,15.0,6.6672078261222065,9.462168534120773,3.9481134366918886,12.2299588418685,12.154669801608074,5.603509278857684,0.04384756088256836,0.05410146713256836,0.05312490463256836,0.05117177963256836,0.04970693588256836
60.0,16.0,6.495860083172664,9.168808405381267,3.8864685681232904,11.889822695303595,11.827572777995028,5.448036894085516,0.04384756088256836,0.05410146713256836,0.05312490463256836,0.05117177963256836,0.04970693588256836
60.0,17.0,6.333792479219735,8.884927666946403,3.819304904279506,11.56053444995272,11.509768515015566,5.298758265567899,0.04433584213256836,0.05361318588256836,0.05312490463256836,0.05117177963256836,0.04970693588256836
60.0,18.0,6.181649574252431,8.612212253233992,3.749133920863295,11.244509616260583,11.20371708059594,5.156101345766952,0.04482412338256836,0.05361318588256836,0.05312490463256836,0.05117177963256836,0.04970693588256836
60.0,19.0,6.039779951808648,8.351755125993018,3.6779545748036533,10.943404653266708,10.911012083997205,5.02052421561444,0.04482412338256836,0.05361318588256836,0.05312490463256836,0.05117177963256836,0.04970693588256836
60.0,20.0,5.9080047143588175,8.104208526962767,3.607279720194285,10.65810407779484,10.632548062628082,4.892442188399468,0.04531240463256836,0.05361318588256836,0.05312490463256836,0.05117177963256836,0.04970693588256836
62.0,2.0,6.327063002111157,8.364404193062159,3.164780983872286,10.954945112298796,10.577232055977857,5.632054361540054,0.04628896713256836,0.05361318588256836,0.03994131088256836,0.04677724838256836,0.04384756088256836
62.0,3.0,6.987176442992621,9.660836072871305,3.1291999891112092,12.326568088655335,12.127545672535664,6.219911628624517,0.04580068588256836,0.05068349838256836,0.04189443588256836,0.04824209213256836,0.04384756088256836
62.0,4.0,7.416378037096978,10.393141316271896,3.1790971193811797,13.157762275690729,13.009819505605783,6.613436025181141,0.04482412338256836,0.05019521713256836,0.04335927963256836,0.04824209213256836,0.04482412338256836
62.0,5.0,7.668469588106257,10.759691000241544,3.2644177780047223,13.610025704374797,13.497904437704399,6.73534319525154,0.04482412338256836,0.05019521713256836,0.04433584213256836,0.04824209213256836,0.04531240463256836
62.0,6.0,7.804289426178127,10.878723253226653,3.39335288380733,13.8118933119936,13.720898134156153,6.648529008958483,0.04531240463256836,0.05117177963256836,0.04628896713256836,0.04921865463256836,0.04628896713256836
62.0,7.0,7.855774254518999,10.84590351621468,3.5506119828050626,13.854734124963944,13.763923528962957,6.444933500094192,0.04531240463256836,0.05166006088256836,0.05019521713256836,0.04970693588256836,0.04677724838256836
62.0,8.0,7.839062343024163,10.721689319123048,3.705112190991888,13.788885981886043,13.686658703774166,6.196441938451807,0.04531240463256836,0.05263662338256836,0.05312490463256836,0.05068349838256836,0.04726552963256836
62.0,9.0,7.772164184510587,10.540808882134817,3.8278300831304843,13.64432010567035,13.529958586246794,5.944785922112666,0.04531240463256836,0.05361318588256836,0.05410146713256836,0.05117177963256836,0.04824209213256836
62.0,10.0,7.669979267473858,10.324094612459026,3.9164290475995847,13.444475743418414,13.321397775909896,5.70940602736464,0.04482412338256836,0.05410146713256836,0.05458974838256836,0.05117177963256836,0.04873037338256836
62.0,11.0,7.543315871140417,10.084742756922681,3.9765261370007945,13.20668054142879,13.079641257941068,5.495921521571673,0.04482412338256836,0.05458974838256836,0.05458974838256836,0.05166006088256836,0.04921865463256836
62.0,12.0,7.399030249945466,9.833345018480683,4.013265997841581,12.943980333016514,12.816879718128307,5.305250288814621,0.04433584213256836,0.05507802963256836,0.05507802963256836,0.05166006088256836,0.05019521713256836
62.0,13.0,7.2422074980212034,9.577404607392289,4.030191981839982,12.665650234732556,12.541510708542312,5.136094084981352,0.04433584213256836,0.05556631088256836,0.05507802963256836,0.05166006088256836,0.05068349838256836
62.0,14.0,7.077136259252757,9.322679524556372,4.029608593998706,12.378851181367397,12.25937507803208,4.986501787111785,0.04384756088256836,0.05556631088256836,0.05507802963256836,0.05166006088256836,0.05117177963256836
62.0,15.0,6.907173333421353,9.0723571261696,4.013234983719692,12.088124847023998,11.974568354284832,4.854566257104749,0.04384756088256836,0.05605459213256836,0.05507802963256836,0.05166006088256836,0.05166006088256836
62.0,16.0,6.7357278216075445,8.829113115988475,3.9825720034394623,11.79763312975435,11.690259572707454,4.738503597930893,0.04335927963256836,0.05605459213256836,0.05556631088256836,0.05214834213256836,0.05263662338256836
62.0,17.0,6.565604065395991,8.593907785460038,3.9390526931983967,11.509932401553389,11.408840477303688,4.636035267798022,0.04335927963256836,0.05605459213256836,0.05556631088256836,0.05214834213256836,0.05361318588256836
62.0,18.0,6.399220123113352,8.367700381982845,3.8840277717473275,11.227381689352118,11.132292758340963,4.545286356895374,0.04287099838256836,0.05654287338256836,0.05556631088256836,0.05214834213256836,0.05410146713256836
62.0,19.0,6.238775424185568,8.15088357124632,3.8190496536871525,10.951911341987888,10.862236186633089,4.464212233342003,0.04287099838256836,0.05654287338256836,0.05605459213256836,0.05214834213256836,0.05507802963256836
62.0,20.0,6.085571288892024,7.9434017718505165,3.7456718059147893,10.684655675259256,10.599957492149779,4.390975850558617,0.04287099838256836,0.05654287338256836,0.05605459213256836,0.05214834213256836,0.05654287338256836
64.0,2.0,6.164059249426891,8.101571793249356,3.1647694857129913,10.660528028635301,10.194964317398084,5.4189696788478505,0.04677724838256836,0.05410146713256836,0.03994131088256836,0.04677724838256836,0.04384756088256836
64.0,3.0,6.794231850025575,9.284858487031498,3.098106684854574,11.915051346378805,11.686823114979921,5.844372224497549,0.04628896713256836,0.05166006088256836,0.04189443588256836,0.04873037338256836,0.04433584213256836
64.0,4.0,7.185286184135094,9.922821824338403,3.12897035730147,12.644413232821856,12.485452350176095,6.128277799454775,0.04580068588256836,0.05117177963256836,0.04335927963256836,0.04873037338256836,0.04531240463256836
64.0,5.0,7.422290707068991,10.19355865167547,3.1597723057643,12.99935376661723,12.88742691869717,6.195059086926193,0.04580068588256836,0.05117177963256836,0.04384756088256836,0.04921865463256836,0.04628896713256836
64.0,6.0,7.560079230944522,10.226117183770867,3.2074177177241543,13.115479367920312,13.03653944927836,6.0753378688354465,0.04628896713256836,0.05117177963256836,0.04482412338256836,0.04970693588256836,0.04677724838256836
64.0,7.0,7.625839129128685,10.11667723264807,3.273053657716019,13.084856166546814,13.02196753280125,5.83921304398844,0.04677724838256836,0.05214834213256836,0.04628896713256836,0.05019521713256836,0.04726552963256836
64.0,8.0,7.629314357545613,9.933716110489275,3.3544903681120877,12.96679447511229,12.905706385703304,5.55116127794935,0.04726552963256836,0.05263662338256836,0.04921865463256836,0.05068349838256836,0.04775381088256836
64.0,9.0,7.584283711669167,9.718594304778984,3.4449980819554713,12.800017440013495,12.730480207412372,5.256086304253031,0.04677724838256836,0.05361318588256836,0.05312490463256836,0.05117177963256836,0.04824209213256836
64.0,10.0,7.506083623596762,9.495062503868018,3.5226832971830304,12.605824087660443,12.523894711440915,4.979573022984315,0.04677724838256836,0.05410146713256836,0.05556631088256836,0.05166006088256836,0.04873037338256836
64.0,11.0,7.405812679170999,9.274110366092906,3.577011330469939,12.395571571321435,12.30277840780472,4.732988134687017,0.04628896713256836,0.05507802963256836,0.05654287338256836,0.05214834213256836,0.04921865463256836
64.0,12.0,7.2913878929358376,9.062561805206757,3.6104766905239516,12.179076558231353,12.078022796162944,4.519107043774274,0.04580068588256836,0.05556631088256836,0.05703115463256836,0.05214834213256836,0.04970693588256836
64.0,13.0,7.167851888539007,8.863023848338479,3.6278089699891645,11.9621189742864,11.854776064638685,4.336680681397563,0.04531240463256836,0.05605459213256836,0.05703115463256836,0.05214834213256836,0.05068349838256836
64.0,14.0,7.03850551621464,8.677194892181108,3.6330157042446163,11.748747771825125,11.637046139532451,4.1824004706526505,0.04531240463256836,0.05654287338256836,0.05703115463256836,0.05263662338256836,0.05117177963256836
64.0,15.0,6.905649413394895,8.505508673409185,3.6291229347522833,11.541325958905464,11.426307817242964,4.0528837345380975,0.04482412338256836,0.05703115463256836,0.05703115463256836,0.05263662338256836,0.05214834213256836
64.0,16.0,6.770774765349205,8.347487203860412,3.618252449832253,11.340885518001668,11.223313601411627,3.944601991768611,0.04433584213256836,0.05800771713256836,0.05703115463256836,0.05263662338256836,0.05312490463256836
64.0,17.0,6.635004844737337,8.201987917359391,3.6018957141578163,11.147625209965835,11.028271230632336,3.854431229027163,0.04384756088256836,0.05849599838256836,0.05703115463256836,0.05263662338256836,0.05410146713256836
64.0,18.0,6.499132131756644,8.067552787153122,3.5811948830863036,10.9612537252897,10.84099691019826,3.779472856204103,0.04335927963256836,0.05849599838256836,0.05751943588256836,0.05263662338256836,0.05507802963256836
64.0,19.0,6.363716778905043,7.94264993605963,3.5568886688504913,10.781188999897118,10.661099645889808,3.7170855713779267,0.04287099838256836,0.05898427963256836,0.05751943588256836,0.05263662338256836,0.05605459213256836
64.0,20.0,6.2291609351421435,7.825759679730232,3.529609148567856,10.60674791170443,10.48809516363463,3.6649055781581565,0.04238271713256836,0.05947256088256836,0.05800771713256836,0.05263662338256836,0.05703115463256836
66.0,2.0,6.003214127621756,7.854255347077955,3.165923595869703,10.38031690913455,9.815146450412552,5.221428380673307,0.04677724838256836,0.05507802963256836,0.03994131088256836,0.04677724838256836,0.04384756088256836
66.0,3.0,6.596013477573813,8.901281777198308,3.0617261962629447,11.494101895072133,11.227846728995825,5.488045585471882,0.04677724838256836,0.05263662338256836,0.04189443588256836,0.04921865463256836,0.04433584213256836
66.0,4.0,6.937338205228332,9.427874594255961,3.0715932801615184,12.101494371253123,11.921618117897657,5.649311922336901,0.04677724838256836,0.05214834213256836,0.04335927963256836,0.04970693588256836,0.04580068588256836
66.0,5.0,7.128382983840728,9.577882811250605,3.049727660367208,12.322764377880828,12.197187082126053,5.651997953895846,0.04677724838256836,0.05166006088256836,0.04335927963256836,0.04970693588256836,0.04726552963256836
66.0,6.0,7.228732293256925,9.500729435384642,3.0155183760467748,12.31307359875005,12.229394051191186,5.504274484103901,0.04775381088256836,0.05166006088256836,0.04384756088256836,0.05019521713256836,0.04775381088256836
66.0,7.0,7.270237235310091,9.298302236435186,2.9833597713988613,12.17436690195371,12.118167931123084,5.254702303264771,0.04824209213256836,0.05214834213256836,0.04384756088256836,0.05068349838256836,0.04775381088256836
66.0,8.0,7.260616883089386,9.040683626731292,2.9584080157677337,11.966732885353824,11.927895490025861,4.954164464071977,0.04873037338256836,0.05263662338256836,0.04531240463256836,0.05117177963256836,0.04824209213256836
66.0,9.0,7.209041341906245,8.773354649287175,2.9466481336085213,11.731358152182588,11.7012888780804,4.643405227418551,0.04873037338256836,0.05312490463256836,0.04775381088256836,0.05117177963256836,0.04824209213256836
66.0,10.0,7.128903050463949,8.520400806237904,2.955897513959082,11.495904432226427,11.46468558039497,4.347565914126251,0.04873037338256836,0.05361318588256836,0.05361318588256836,0.05166006088256836,0.04824209213256836
66.0,11.0,7.032407282605517,8.291944911807558,2.976415372935195,11.2725396908212,11.232716294203291,4.079670238584659,0.04873037338256836,0.05410146713256836,0.05898427963256836,0.05214834213256836,0.04873037338256836
66.0,12.0,6.92878923603985,8.090171013114206,2.983523062411011,11.061663399454597,11.013304970045997,3.84451693127062,0.04824209213256836,0.05458974838256836,0.06044912338256836,0.05214834213256836,0.04873037338256836
66.0,13.0,6.823856442800948,7.9139685160331075,2.9767046822878647,10.865389325296805,10.810165709438204,3.640637165087406,0.04824209213256836,0.05556631088256836,0.06093740463256836,0.05263662338256836,0.04921865463256836
66.0,14.0,6.721219301357275,7.759816767446746,2.9612381527797664,10.684497019455982,10.623615214892817,3.4646307965977785,0.04775381088256836,0.05605459213256836,0.06142568588256836,0.05312490463256836,0.04970693588256836
66.0,15.0,6.622367025530343,7.624798683984782,2.9417459585355674,10.518895820222196,10.453654749919629,3.3120589180190088,0.04726552963256836,0.05703115463256836,0.06142568588256836,0.05312490463256836,0.04970693588256836
66.0,16.0,6.528014264669648,7.505504801764389,2.9217253826064895,10.36745155669443,10.298780350642447,3.178648016384469,0.04726552963256836,0.05751943588256836,0.06142568588256836,0.05361318588256836,0.05019521713256836
66.0,17.0,6.438235150281124,7.399564831858732,2.9036255078299478,10.229148187455134,10.157670887776746,3.0606128921168145,0.04677724838256836,0.05849599838256836,0.06142568588256836,0.05361318588256836,0.05068349838256836
66.0,18.0,6.352419821245583,7.304354491535881,2.8889839757307487,10.102131484761184,10.028369018839465,2.9550295527363684,0.04628896713256836,0.05898427963256836,0.06142568588256836,0.05361318588256836,0.05068349838256836
66.0,19.0,6.269962162446998,7.21805797277965,2.878629357380789,9.98495334962059,9.90948474501485,2.859888100755949,0.04580068588256836,0.05996084213256836,0.06142568588256836,0.05410146713256836,0.05117177963256836
66.0,20.0,6.1902798161077035,7.138905007525194,2.8728833333533026,9.876081589134321,9.799146165094875,2.7735328310171563,0.04580068588256836,0.06044912338256836,0.06093740463256836,0.05410146713256836,0.05117177963256836
68.0,2.0,5.840848823832782,7.619662289648353,3.168079420019497,10.109970108892956,9.441552619604343,5.038411887841313,0.04677724838256836,0.05556631088256836,0.03994131088256836,0.04677724838256836,0.04384756088256836
68.0,3.0,6.393577281542044,8.520364338584438,3.0235300160481624,11.073218713419156,10.756966490016863,5.15428073719431,0.04726552963256836,0.05312490463256836,0.04140615463256836,0.04970693588256836,0.04433584213256836
68.0,4.0,6.679375749236638,8.927672333745944,3.0096324239364116,11.548821629301953,11.340609865087819,5.18710499377318,0.04775381088256836,0.05263662338256836,0.04335927963256836,0.05019521713256836,0.04677724838256836
68.0,5.0,6.805047285494163,8.945354556846349,2.943902194510395,11.61871752115294,11.467719172882417,5.120520588316164,0.04775381088256836,0.05263662338256836,0.04335927963256836,0.05019521713256836,0.04824209213256836
68.0,6.0,6.83770846146118,8.74806399816578,2.835773086454795,11.459689774064715,11.357431661480055,4.944881229002352,0.04824209213256836,0.05214834213256836,0.04335927963256836,0.05068349838256836,0.04824209213256836
68.0,7.0,6.8233118496638125,8.448307106915747,2.713890715264913,11.193599974312411,11.12771959594923,4.695536970955771,0.04921865463256836,0.05214834213256836,0.04287099838256836,0.05068349838256836,0.04873037338256836
68.0,8.0,6.775038890124506,8.115674118764975,2.592796168119964,10.88521521762931,10.843484780426742,4.408598706412116,0.05019521713256836,0.05214834213256836,0.04287099838256836,0.05117177963256836,0.04824209213256836
68.0,9.0,6.6980266974561165,7.791196020773117,2.4785228858159294,10.569265479183455,10.544907108717993,4.114375300541842,0.05068349838256836,0.05214834213256836,0.04335927963256836,0.05117177963256836,0.04824209213256836
68.0,10.0,6.5995113200811195,7.494914325614112,2.4122958893478454,10.273580771568353,10.254040974266864,3.8314186992542947,0.05068349838256836,0.05214834213256836,0.07998037338256836,0.05166006088256836,0.04775381088256836
68.0,11.0,6.489522199329961,7.2337236227003645,2.3633685517167016,10.001308251246591,9.98150588248541,3.5708144034709686,0.05117177963256836,0.05263662338256836,0.07851552963256836,0.05166006088256836,0.04775381088256836
68.0,12.0,6.375882136219712,7.006481284160412,2.319987365768937,9.753204313331247,9.732158579533122,3.335384790715298,0.05117177963256836,0.05263662338256836,0.07705068588256836,0.05214834213256836,0.04726552963256836
68.0,13.0,6.264596515499024,6.808969268876033,2.278363209095915,9.528807423757842,9.50578974833698,3.1253875961935043,0.05117177963256836,0.05312490463256836,0.07558584213256836,0.05263662338256836,0.04726552963256836
68.0,14.0,6.159447662800892,6.63547317141336,2.2363570923612004,9.325748911689832,9.300961585608272,2.9380451011078224,0.05166006088256836,0.05361318588256836,0.07509756088256836,0.05312490463256836,0.04726552963256836
68.0,15.0,6.0623258009673915,6.480560118748885,2.193751539566853,9.141225267279296,9.115459124532162,2.7702575177288655,0.05166006088256836,0.05410146713256836,0.07509756088256836,0.05312490463256836,0.04726552963256836
68.0,16.0,5.973863551749548,6.339549621568409,2.151079954010099,8.972406595099999,8.94641119042913,2.6187342312766666,0.05166006088256836,0.05458974838256836,0.07558584213256836,0.05361318588256836,0.04677724838256836
68.0,17.0,5.894209908414975,6.208845607090896,2.108884859396893,8.816964872751997,8.79143546839583,2.4804726280097795,0.05214834213256836,0.05507802963256836,0.07656240463256836,0.05410146713256836,0.04677724838256836
68.0,18.0,5.822966658346868,6.085924944769211,2.0966202465060437,8.67993315617364,8.648539343516434,2.3528301049579037,0.05214834213256836,0.05556631088256836,-0.04794931411743164,0.05458974838256836,0.04677724838256836
68.0,19.0,5.7596755279990735,5.969187709395568,2.1026109061757423,8.557221320066443,8.516133796533335,2.233747824079766,0.05263662338256836,0.05654287338256836,-0.04501962661743164,0.05507802963256836,0.04677724838256836
68.0,20.0,5.703629892018405,5.857659122820082,2.10849202144146,8.443299292857356,8.392983533231801,2.121636958768701,0.05312490463256836,0.05703115463256836,-0.04257822036743164,0.05556631088256836,0.04677724838256836
70.0,2.0,5.6836226024883825,7.396071008155787,3.171918391912449,9.85223317477575,9.077027826582217,4.871813552843476,0.04726552963256836,0.05556631088256836,0.03945302963256836,0.04677724838256836,0.04433584213256836
70.0,3.0,6.186010955826287,8.14751438756914,2.985459304372009,10.656532714692448,10.27912478098876,4.8463287495161955,0.04726552963256836,0.05410146713256836,0.04140615463256836,0.05019521713256836,0.04433584213256836
70.0,4.0,6.417561250205301,8.43110266821647,2.944815513920455,10.997296168293827,10.754874184331364,4.747371124183746,0.04824209213256836,0.05312490463256836,0.04287099838256836,0.05068349838256836,0.04726552963256836
70.0,5.0,6.466616510150877,8.321931055104013,2.8460219082067426,10.916570261636814,10.731491591455264,4.6136307794253595,0.04824209213256836,0.05312490463256836,0.04335927963256836,0.05068349838256836,0.04921865463256836
70.0,6.0,6.413941686345104,8.004393466436436,2.679666624380243,10.601394999677316,10.470821133653507,4.40803203927128,0.04873037338256836,0.05312490463256836,0.04335927963256836,0.05068349838256836,0.04970693588256836
70.0,7.0,6.3205898712790916,7.610242511417896,2.5077715731959116,10.205614418879321,10.112393353162432,4.162068484651275,0.04970693588256836,0.05263662338256836,0.08486318588256836,0.05117177963256836,0.04970693588256836
70.0,8.0,6.213098867153466,7.208641895597984,2.3810576653990876,9.810022992732991,9.727845995029108,3.903152302653442,0.05068349838256836,0.05214834213256836,0.08535146713256836,0.05117177963256836,0.04921865463256836
70.0,9.0,6.096665403596946,6.8336792114458325,2.24520669616577,9.429180967447303,9.350182141956115,3.6485363801096415,0.05166006088256836,0.05166006088256836,0.08583974838256836,0.05117177963256836,0.04873037338256836
70.0,10.0,5.971399990643719,6.497542317230769,2.1141600929798754,9.074433696447016,8.994687904034825,3.4077007763259983,0.05263662338256836,0.05117177963256836,0.08632802963256836,0.05117177963256836,0.04824209213256836
70.0,11.0,5.839412381236406,6.200841739103164,2.017210906428531,8.753188851644595,8.667034484741773,3.18465763649569,0.05312490463256836,0.05068349838256836,-0.05234384536743164,0.05166006088256836,0.04726552963256836
70.0,12.0,5.704925917300713,5.939103206018048,2.008084955683939,8.476528287150785,8.366601397176177,2.980584141936932,0.05410146713256836,0.05019521713256836,-0.05332040786743164,0.05166006088256836,0.04677724838256836
70.0,13.0,5.571394861477011,5.7063580694416425,2.001391502675502,8.222440700069287,8.091191619233584,2.79426681707484,0.05458974838256836,0.04970693588256836,-0.05380868911743164,0.05214834213256836,0.04628896713256836
70.0,14.0,5.441374567277234,5.49707454062052,1.9942489220330275,7.987703953551339,7.838050198528198,2.624435342130283,0.05507802963256836,0.04970693588256836,-0.05429697036743164,0.05214834213256836,0.04580068588256836
70.0,15.0,5.3166033803812525,5.3062235261174555,1.9848764173858386,7.769299453985421,7.603821430916078,2.469787408295549,0.05556631088256836,0.04921865463256836,-0.05429697036743164,0.05263662338256836,0.04482412338256836
70.0,16.0,5.198087138534838,5.130125432595815,1.972107753681002,7.564886373640811,7.3857037056115855,2.328856175027121,0.05605459213256836,0.04921865463256836,-0.05429697036743164,0.05263662338256836,0.04433584213256836
70.0,17.0,5.086299005740624,4.965734603612601,1.955381901666697,7.372413180952308,7.1816176485540435,2.2005638622976975,0.05654287338256836,0.04921865463256836,-0.05429697036743164,0.05312490463256836,0.04433584213256836
70.0,18.0,4.981339212879431,4.8109591936809535,1.934461282684759,7.190355288248274,6.989429612417945,2.083832352094909,0.05703115463256836,0.04921865463256836,-0.05429697036743164,0.05361318588256836,0.04384756088256836
70.0,19.0,4.883083559298783,4.66430783739732,1.9093387027209279,7.0175385236426155,6.807730453535109,1.97770217099865,0.05800771713256836,0.04921865463256836,-0.05429697036743164,0.05410146713256836,0.04384756088256836
70.0,20.0,4.791432441774572,4.524767715591731,1.8801808079833697,6.853205643701351,6.635457823154819,1.8812972978032905,0.05849599838256836,0.04921865463256836,-0.05478525161743164,0.05458974838256836,0.04384756088256836
72.0,2.0,5.53117767119325,7.185493328896341,3.179268360804516,9.609005573936006,8.723684383718005,4.717944714516207,0.04726552963256836,0.05605459213256836,0.03945302963256836,0.04677724838256836,0.04433584213256836
72.0,3.0,5.977856937814586,7.790398146190485,2.951291829131672,10.253545743100066,9.79909463506498,4.565759297403597,0.04775381088256836,0.05458974838256836,0.04091787338256836,0.05068349838256836,0.04433584213256836
72.0,4.0,6.153004798434825,7.947655437029421,2.8774598130891382,10.454877807571368,10.173563094348754,4.332746806908334,0.04873037338256836,0.05410146713256836,0.04287099838256836,0.05117177963256836,0.04726552963256836
72.0,5.0,6.126314029147136,7.722383493872556,2.7566981943571878,10.23554177095343,10.011947988647476,4.142827140296318,0.04921865463256836,0.05361318588256836,0.04335927963256836,0.05117177963256836,0.05068349838256836
72.0,6.0,5.982917249923883,7.297474219769793,2.55204627045378,9.775549548448852,9.606998693101193,3.908522030860705,0.04921865463256836,0.05361318588256836,0.04335927963256836,0.05117177963256836,0.05166006088256836
72.0,7.0,5.797657688862479,6.816163073164996,2.4279273252683318,9.271879249320978,9.124601274565943,3.660753090452022,0.05019521713256836,0.05312490463256836,0.08632802963256836,0.05117177963256836,0.05117177963256836
72.0,8.0,5.614276171617526,6.353413176188022,2.2828858290619145,8.780519553368332,8.642304349980044,3.4279693882156033,0.05117177963256836,0.05263662338256836,0.08681631088256836,0.05117177963256836,0.05068349838256836
72.0,9.0,5.445302747848962,5.937664728628847,2.116593059917716,8.329894994933992,8.190327309265227,3.2187942603926376,0.05263662338256836,0.05166006088256836,0.08779287338256836,0.05117177963256836,0.05019521713256836
72.0,10.0,5.287134811397861,5.572996930154515,1.954206198703208,7.92660148893943,7.776567369430497,3.033119537627351,0.05361318588256836,0.05068349838256836,-0.04599618911743164,0.05117177963256836,0.04921865463256836
72.0,11.0,5.133064543528983,5.25423492462121,1.9031790316922461,7.587979090496803,7.399647954016763,2.8670249109267187,0.05507802963256836,0.04970693588256836,-0.04648447036743164,0.05117177963256836,0.04824209213256836
72.0,12.0,4.979865542062874,4.973443083992447,1.85791861738498,7.279152321222793,7.055161495774846,2.7169987450428814,0.05556631088256836,0.04873037338256836,-0.04697275161743164,0.05117177963256836,0.04726552963256836
72.0,13.0,4.826393024125509,4.72362951975167,1.8177554931141282,6.993638573442537,6.73843845516096,2.5803841651087773,0.05654287338256836,0.04726552963256836,-0.04746103286743164,0.05117177963256836,0.04628896713256836
72.0,14.0,4.672763964910404,4.498697184793343,1.7818267932629552,6.726656387345982,6.445587861574602,2.455430726388864,0.05703115463256836,0.04628896713256836,-0.04892587661743164,0.05166006088256836,0.04531240463256836
72.0,15.0,4.51965234767887,4.29448780474364,1.7491607305610066,6.475295059710228,6.173633132992448,2.341066289999724,0.05751943588256836,0.04531240463256836,-0.05087900161743164,0.05166006088256836,0.04433584213256836
72.0,16.0,4.367782030672416,4.108055578413528,1.7186509398319998,6.23757978352059,5.920222068451043,2.2366688970802264,0.05800771713256836,0.04433584213256836,-0.05283212661743164,0.05166006088256836,0.04384756088256836
72.0,17.0,4.2177860747883384,3.9372527313243237,1.6889637528304084,6.012011061315028,5.683613660061001,2.141961227688612,0.05849599838256836,0.04335927963256836,-0.05478525161743164,0.05166006088256836,0.04287099838256836
72.0,18.0,4.07028186726917,3.780447971459118,1.6589207563082973,5.797499410921923,5.462388739425592,2.0565771240273367,0.05849599838256836,0.04238271713256836,-0.05673837661743164,0.05166006088256836,0.04189443588256836
72.0,19.0,3.9259132682587734,3.636520465546849,1.6278639793079337,5.59347988477295,5.255320671150751,1.9803730349958026,0.05898427963256836,0.04189443588256836,-0.05820322036743164,0.05166006088256836,0.04140615463256836
72.0,20.0,3.7850188751848095,3.504199095455447,1.5957775807865988,5.399285626213636,5.06130178977452,1.9131213402325171,0.05898427963256836,0.04091787338256836,-0.05966806411743164,0.05166006088256836,0.04042959213256836
74.0,2.0,5.38480783377827,6.981968513790483,3.186828641384692,9.375495534841415,8.383057040344319,4.575226956946339,0.04775381088256836,0.05654287338256836,0.03945302963256836,0.04677724838256836,0.04433584213256836
74.0,3.0,5.767729359799234,7.450631281427028,2.920446868927585,9.864462396598103,9.322174462838705,4.312783141969501,0.04775381088256836,0.05507802963256836,0.04042959213256836,0.05117177963256836,0.04433584213256836
74.0,4.0,5.887680761470364,7.483137778113193,2.8080140224631576,9.927088118152412,9.601815628361456,3.945355206150126,0.04873037338256836,0.05458974838256836,0.04238271713256836,0.05166006088256836,0.04726552963256836
74.0,5.0,5.792868429067918,7.157250246878846,2.6740997814692102,9.588240994791109,9.323780012762418,3.7171930635762247,0.04921865463256836,0.05458974838256836,0.04335927963256836,0.05166006088256836,0.05263662338256836
74.0,6.0,5.563586866881999,6.643890863564363,2.4514348145904097,9.005793539854318,8.793965012704438,3.465466302265794,0.04970693588256836,0.05410146713256836,0.04335927963256836,0.05166006088256836,0.05361318588256836
74.0,7.0,5.287074991967542,6.090501920194069,2.3606343261694733,8.403568886637737,8.201444527011269,3.213731166987755,0.05019521713256836,0.05410146713256836,0.08730459213256836,0.05166006088256836,0.05410146713256836
74.0,8.0,5.019374450497075,5.576816472444084,2.2236540371296605,7.825575960813973,7.634043614133077,2.9948057019574845,0.05117177963256836,0.05312490463256836,0.08828115463256836,0.05117177963256836,0.05361318588256836
74.0,9.0,4.7852039874126895,5.127898187671563,2.0570400418455796,7.309235990035598,7.120979779732198,2.818027041777251,0.05214834213256836,0.05214834213256836,0.08876943588256836,0.05117177963256836,0.05263662338256836
74.0,10.0,4.585687535890355,4.744060401655668,1.9192342940829048,6.871542734129025,6.665411725869743,2.678560157534795,0.05410146713256836,0.05117177963256836,-0.04257822036743164,0.05117177963256836,0.05166006088256836
74.0,11.0,4.410500256571931,4.415666542279321,1.8339406237145162,6.504918272902164,6.261422410373869,2.566913841261705,0.05556631088256836,0.04970693588256836,-0.04257822036743164,0.05117177963256836,0.05068349838256836
74.0,12.0,4.248139600899858,4.1323483901072935,1.7483595415109647,6.178976806263993,5.90098664472376,2.4744366981967496,0.05654287338256836,0.04824209213256836,-0.04257822036743164,0.05117177963256836,0.04970693588256836
74.0,13.0,4.091586716959663,3.8854803733304584,1.6647485524533816,5.882977761035017,5.576848910150218,2.395056752306935,0.05751943588256836,0.04677724838256836,-0.04306650161743164,0.05117177963256836,0.04873037338256836
74.0,14.0,3.93784172252556,3.668626844154682,1.5852937569023253,5.610577211748262,5.283327087823799,2.3249839513613084,0.05849599838256836,0.04531240463256836,-0.04355478286743164,0.05117177963256836,0.04775381088256836
74.0,15.0,3.786246090229485,3.4772414916358714,1.5119527064004807,5.358439029542453,5.016244821826684,2.261960561898494,0.05898427963256836,0.04384756088256836,-0.04404306411743164,0.05117177963256836,0.04677724838256836
74.0,16.0,3.636955143961637,3.3080209442370396,1.446479854274254,5.124719431883193,4.772714907020487,2.2046032651080223,0.05898427963256836,0.04238271713256836,-0.04550790786743164,0.05068349838256836,0.04580068588256836
74.0,17.0,3.4905841340545845,3.158313335371531,1.3899851422714615,4.908276623931729,4.550519639315583,2.151962911091854,0.05947256088256836,0.04091787338256836,-0.04697275161743164,0.05068349838256836,0.04482412338256836
74.0,18.0,3.3480006279283874,3.0258014572593677,1.3429368634624552,4.7082971531763125,4.347807901236414,2.103283225821495,0.05947256088256836,0.03896474838256836,-0.04941415786743164,0.05019521713256836,0.04384756088256836
74.0,19.0,3.209961955830949,2.908116810379314,1.3049854765029254,4.52371376576551,4.163105624442712,2.057964356393402,0.05947256088256836,0.03749990463256836,-0.05185556411743164,0.04970693588256836,0.04238271713256836
74.0,20.0,3.077274725419701,2.8030616778456086,1.2750725626482378,4.353456620380164,3.995176385834425,2.015331740183428,0.05898427963256836,0.03603506088256836,-0.05429697036743164,0.04970693588256836,0.04140615463256836
76.0,2.0,5.251117007930987,6.789634727233548,3.1941756460505397,9.158391104231148,8.056226700973513,4.442356891426869,0.04775381088256836,0.05654287338256836,0.03945302963256836,0.04677724838256836,0.04433584213256836
76.0,3.0,5.558202912149801,7.130601926056811,2.897284306798141,9.493859057039684,8.854639451248733,4.086560754908314,0.04775381088256836,0.05556631088256836,0.04042959213256836,0.05214834213256836,0.04433584213256836
76.0,4.0,5.623117428509287,7.040665715420799,2.7388613082639752,9.417631581083018,9.043689964088195,3.5900152745976075,0.04921865463256836,0.05507802963256836,0.04238271713256836,0.05166006088256836,0.04628896713256836
76.0,5.0,5.4708311297448535,6.630728881268426,2.595191513164273,8.979508769251938,8.674024250326838,3.34205992822356,0.04970693588256836,0.05507802963256836,0.04335927963256836,0.05214834213256836,0.05507802963256836
76.0,6.0,5.1687102569256895,6.053476243400592,2.3720702127292923,8.305832736311379,8.049367151051984,3.0902113991774867,0.04970693588256836,0.05507802963256836,0.04335927963256836,0.05214834213256836,0.05605459213256836
76.0,7.0,4.814008275926666,5.4510764009103845,2.292036875370967,7.625112631778816,7.372565509390661,2.8472370865809675,0.05019521713256836,0.05458974838256836,0.08828115463256836,0.05166006088256836,0.05703115463256836
76.0,8.0,4.468507911908009,4.901075368148455,2.1814422405664184,6.981890358060876,6.7394924851754485,2.643511774656863,0.05068349838256836,0.05410146713256836,0.08876943588256836,0.05166006088256836,0.05703115463256836
76.0,9.0,4.164375814224305,4.4291836878767255,2.0403198311839885,6.412690470978018,6.182099542629698,2.4876133142362287,0.05117177963256836,0.05361318588256836,0.08974599838256836,0.05166006088256836,0.05751943588256836
76.0,10.0,3.9120488132288345,4.033667541114444,1.9229552162563146,5.939053503131012,5.7032015390444055,2.374934845646164,0.05263662338256836,0.05263662338256836,-0.04062509536743164,0.05166006088256836,0.05703115463256836
76.0,11.0,3.7071194565637833,3.703122721142147,1.8182272548442098,5.546332383055607,5.294801023257287,2.2968459586261996,0.05458974838256836,0.05117177963256836,-0.04062509536743164,0.05166006088256836,0.05703115463256836
76.0,12.0,3.5378050724220618,3.4258863544068294,1.7100558357515676,5.213161517270895,4.946501905241974,2.2436737059764074,0.05605459213256836,0.05019521713256836,-0.04013681411743164,0.05166006088256836,0.05654287338256836
76.0,13.0,3.3913126575517865,3.191420240389883,1.602739079196657,4.924930176969551,4.648499876317798,2.2072459905625004,0.05751943588256836,0.04873037338256836,-0.03964853286743164,0.05166006088256836,0.05605459213256836
76.0,14.0,3.259427560419266,2.9921195477100024,1.5005118790797853,4.672064137901849,4.392359495308111,2.1811936333841144,0.05849599838256836,0.04775381088256836,-0.03964853286743164,0.05214834213256836,0.05556631088256836
76.0,15.0,3.138160145806444,2.8220690228958065,1.4062797645493548,4.448566673311417,4.171014313639662,2.160909694553366,0.05898427963256836,0.04628896713256836,-0.03916025161743164,0.05214834213256836,0.05507802963256836
76.0,16.0,3.026096284215483,2.6764931447750815,1.32196847795156,4.250702875062937,3.9784741280110327,2.1432597495571706,0.05947256088256836,0.04482412338256836,-0.03818368911743164,0.05214834213256836,0.05458974838256836
76.0,17.0,2.9226406694986533,2.5517823494871537,1.2482570149189514,4.07572904122147,3.810051370144415,2.1262315515526318,0.05996084213256836,0.04335927963256836,-0.03769540786743164,0.05166006088256836,0.05410146713256836
76.0,18.0,2.8273831274922827,2.444966166407107,1.1850266009780888,3.9212552772714493,3.661855199817303,2.108730536195396,0.06044912338256836,0.04189443588256836,-0.03671884536743164,0.05166006088256836,0.05312490463256836
76.0,19.0,2.7402339260956716,2.3534697267241316,1.1313506221746432,3.785189024953392,3.5306753480927178,2.0901687717365607,0.06044912338256836,0.04042959213256836,-0.03574228286743164,0.05166006088256836,0.05214834213256836
76.0,20.0,2.6607534496962324,2.274962387382305,1.0859809034099897,3.665299074652132,3.414118760580993,2.0702835366302414,0.06044912338256836,0.03896474838256836,-0.03525400161743164,0.05117177963256836,0.05117177963256836
78.0,2.0,5.125503596733317,6.602174868565378,3.200914297144613,8.950159353492385,7.7458768539519065,4.318113337179007,0.04775381088256836,0.05654287338256836,0.03945302963256836,0.04726552963256836,0.04433584213256836
78.0,3.0,5.351442811658362,6.830667782793677,2.877947375550384,9.142130146841204,8.407775611401386,3.885488474019334,0.04775381088256836,0.05605459213256836,0.03994131088256836,0.05312490463256836,0.04433584213256836
78.0,4.0,5.35954708105518,6.623446683820495,2.673146649446312,8.92975385421714,8.500763962921646,3.274700797919778,0.04921865463256836,0.05556631088256836,0.04189443588256836,0.05214834213256836,0.04580068588256836
78.0,5.0,5.16068394398006,6.142688046373547,2.517147839909717,8.408407010407869,8.0653695659707,3.0231099326368405,0.05019521713256836,0.05556631088256836,0.04287099838256836,0.05214834213256836,0.05703115463256836
78.0,6.0,4.806738576058302,5.527352411560755,2.3061440308459393,7.679496123520074,7.382101576165423,2.780618360053328,0.05019521713256836,0.05556631088256836,0.04335927963256836,0.05214834213256836,0.05849599838256836
78.0,7.0,4.393609334519199,4.902477412969974,2.212894984421714,6.945141609869002,6.653687068987587,2.56703196545312,0.05019521713256836,0.05556631088256836,0.08925771713256836,0.05214834213256836,0.05947256088256836
78.0,8.0,3.9896687951627063,4.33945330991609,2.135993237002221,6.269830877508259,5.981186465777437,2.402320350923458,0.05019521713256836,0.05507802963256836,0.08974599838256836,0.05214834213256836,0.06093740463256836
78.0,9.0,3.6290212163136024,3.8626129076622004,2.05113386728803,5.683020640858948,5.400266768491099,2.2880432438315426,0.05019521713256836,0.05507802963256836,-0.03916025161743164,0.05214834213256836,0.06289052963256836
78.0,10.0,3.324727854978553,3.4689554562061953,1.9570015425976979,5.188190658075587,4.9148333141975495,2.2170378348107653,0.05068349838256836,0.05458974838256836,-0.03867197036743164,0.05214834213256836,0.06435537338256836
78.0,11.0,3.0783573355887652,3.147383396912597,1.8521867420469709,4.776285362093518,4.51639449285344,2.1795673708071424,0.05166006088256836,0.05410146713256836,-0.03867197036743164,0.05214834213256836,0.06630849838256836
78.0,12.0,2.884707103512335,2.8854017446315434,1.743279570560414,4.4369022935050735,4.193979700218909,2.166216232471623,0.05312490463256836,0.05361318588256836,-0.03867197036743164,0.05263662338256836,0.06874990463256836
78.0,13.0,2.734975206179683,2.671957453249911,1.6361904402253156,4.158913940811959,3.9357724443012896,2.1673582776957594,0.05458974838256836,0.05312490463256836,-0.03818368911743164,0.05312490463256836,0.07119131088256836
78.0,14.0,2.6187669769212505,2.497824648196998,1.5351309246367784,3.931118849428225,3.730716017564453,2.1742994471805743,0.05605459213256836,0.05263662338256836,-0.03720712661743164,0.05410146713256836,0.07314443588256836
78.0,15.0,2.527143412065753,2.3552874388553127,1.4434914911529637,3.743995249704246,3.5682209012694694,2.1809835273994693,0.05751943588256836,0.05263662338256836,-0.03623056411743164,0.05458974838256836,0.07460927963256836
78.0,16.0,2.453749568542041,2.2382523936539975,1.3632607682334175,3.59014493370706,3.43917674517155,2.1848613822749177,0.05898427963256836,0.05214834213256836,-0.03476572036743164,0.05556631088256836,0.07509756088256836
78.0,17.0,2.411432818085849,2.1412198073236524,1.2954582777748949,3.475347845737473,3.3356172672570743,2.185543504847762,-0.14951181411743164,0.05214834213256836,-0.03281259536743164,0.05654287338256836,0.07558584213256836
78.0,18.0,2.4440011744118713,2.0598683668366133,1.240067720565004,3.4284059533270015,3.251440526736206,2.183528606942349,-0.14951181411743164,0.05263662338256836,-0.03085947036743164,0.05703115463256836,0.07558584213256836
78.0,19.0,2.4706112728042813,1.9906648544243726,1.1961259471755397,3.390779247526235,3.18159198542208,2.1794532229641717,-0.14951181411743164,0.05263662338256836,-0.02792978286743164,0.05751943588256836,0.07558584213256836
78.0,20.0,2.491981132370103,1.9307314757800935,1.1618569625879251,3.3597032007560723,3.122481768240793,2.1738751998322825,-0.14951181411743164,0.05263662338256836,-0.02451181411743164,0.05800771713256836,0.07558584213256836
80.0,2.0,5.00876377791743,6.426041648831758,3.2066843855905467,8.755829521198336,7.479343884526473,4.204430995526837,0.04775381088256836,0.05703115463256836,0.03945302963256836,0.05703115463256836,0.04482412338256836
80.0,3.0,5.149227777662991,6.5492458784150696,2.8670505302358693,8.810626937120801,7.990549821943552,3.7074542284212026,0.04775381088256836,0.05654287338256836,0.03994131088256836,0.05410146713256836,0.04433584213256836
80.0,4.0,5.098087726167321,6.233673576479961,2.6138160502209193,8.466476189430573,7.9749642586554685,3.0348879996331646,0.04921865463256836,0.05605459213256836,0.04140615463256836,0.05263662338256836,0.05800771713256836
80.0,5.0,4.863990635260428,5.692348211660446,2.438674826685554,7.874539222900907,7.495230051020965,2.7587877403472856,0.05019521713256836,0.05605459213256836,0.04287099838256836,0.05263662338256836,0.05898427963256836
80.0,6.0,4.477136217081976,5.060183099552178,2.245578454944814,7.119889346374207,6.789865147054793,2.52940870852261,0.05019521713256836,0.05605459213256836,0.04335927963256836,0.05263662338256836,0.06044912338256836
80.0,7.0,4.030993519753596,4.440133219822464,2.183235723127667,6.382022405852808,6.048484084083107,2.3603938029124985,0.05019521713256836,0.05605459213256836,-0.04013681411743164,0.05263662338256836,0.06240224838256836
80.0,8.0,3.593749260456415,3.89117926501682,2.1428985930696345,5.713871209583542,5.370185344778863,2.259466358028832,0.04970693588256836,0.05654287338256836,-0.03818368911743164,0.05263662338256836,0.06484365463256836
80.0,9.0,3.2016065912871854,3.4327921178375727,2.0843305854717755,5.136027694550958,4.791380432183937,2.221658750541817,0.04970693588256836,0.05654287338256836,-0.03769540786743164,0.05263662338256836,0.06826162338256836
80.0,10.0,2.8677675056075915,3.0613849592463978,2.0067551547379137,4.65007898706958,4.316620332724253,2.2341235134736515,0.04921865463256836,0.05654287338256836,-0.03720712661743164,0.05263662338256836,0.07314443588256836
80.0,11.0,2.593067244590417,2.766138732415394,1.9178771706251092,4.248973295225724,3.9375592405059745,2.2789572713940585,0.04873037338256836,0.05703115463256836,-0.03720712661743164,0.05312490463256836,0.08046865463256836
80.0,12.0,2.372963448096715,2.535417917126043,1.8411770767405213,3.9305511787027507,3.6434836180560675,2.327355683343012,0.04873037338256836,0.05703115463256836,0.09023427963256836,0.05410146713256836,0.08486318588256836
80.0,13.0,2.3597904845589417,2.357685973958915,1.7894985666973682,3.785445733731955,3.423081615733258,2.3662406525520603,-0.14951181411743164,0.05800771713256836,0.08974599838256836,0.05556631088256836,0.08779287338256836
80.0,14.0,2.4124764134414303,2.2232006708990317,1.741437035942324,3.714197977847804,3.2651933095226866,2.398826224491328,-0.14951181411743164,0.05898427963256836,0.08925771713256836,0.05751943588256836,0.09023427963256836
80.0,15.0,2.455694723954966,2.1238326231613653,1.696105838986043,3.6630419879530853,3.158634400013854,2.428396744734688,-0.14951181411743164,0.06044912338256836,0.08828115463256836,0.06044912338256836,0.09316396713256836
80.0,16.0,2.491197692780876,2.0525897708182455,1.6528434839370083,3.6264420985557573,3.091575815451299,2.456918369247896,-0.14951181411743164,0.06240224838256836,0.08730459213256836,0.06435537338256836,0.09609365463256836
80.0,17.0,2.5203112285142186,2.00349501241443,1.6111730551413552,3.600255486345084,3.051192127014222,2.4849450728969638,-0.14951181411743164,0.06435537338256836,0.08632802963256836,0.06777334213256836,0.09951162338256836
80.0,18.0,2.5439805266995448,1.9711741445478044,1.5709780099125765,3.5812478741339784,3.025786068687318,2.5118827731979585,-0.14951181411743164,0.06728506088256836,0.08535146713256836,0.07119131088256836,0.10244131088256836
80.0,19.0,2.5628535803872388,1.963911371662383,1.5326433089988014,3.574095950428207,3.007460927335058,2.536534079317585,-0.14951181411743164,0.14980459213256836,0.08339834213256836,0.07363271713256836,0.10537099838256836
80.0,20.0,2.5773671771005113,1.9931059832579943,1.496774834480216,3.5854745754540156,2.9921047159527707,2.5579733318007394,-0.14951181411743164,0.14980459213256836,0.08193349838256836,0.07558584213256836,0.10732412338256836
82.0,2.0,4.908928071582758,6.255963122247394,3.2111632950884355,8.575909229149746,7.278190436337261,4.100775628363182,0.04824209213256836,0.05703115463256836,0.03945302963256836,0.05703115463256836,0.04482412338256836
82.0,3.0,4.953036306535828,6.287741736958272,2.859446275415348,8.499688100544384,7.605427563693277,3.550056827996022,0.04775381088256836,0.05654287338256836,0.03994131088256836,0.05507802963256836,0.04433584213256836
82.0,4.0,4.840585001626967,5.872318742667007,2.563862514611366,8.030490742618628,7.470081048232552,2.851754276900263,0.04921865463256836,0.05654287338256836,0.04091787338256836,0.05312490463256836,0.05849599838256836
82.0,5.0,4.577206117731218,5.2784055277248205,2.359880696639963,7.374375747253861,6.958559615202546,2.539754827317755,0.05019521713256836,0.05654287338256836,0.04238271713256836,0.05312490463256836,0.05996084213256836
82.0,6.0,4.179556685835144,4.644975819153573,2.215513627399225,6.62970550505996,6.263710808082809,2.3259182354795445,0.05068349838256836,0.05654287338256836,-0.04208993911743164,0.05312490463256836,0.06240224838256836
82.0,7.0,3.7234716107948818,4.052405224066682,2.1608431253301754,5.91231527819052,5.54887932548574,2.3073474476390063,0.05068349838256836,0.05703115463256836,-0.04013681411743164,0.05312490463256836,0.09609365463256836
82.0,8.0,3.279042142930547,3.5415866037335237,2.133458548624459,5.276987627951963,4.901674604103891,2.2971662997279565,0.05019521713256836,0.05703115463256836,-0.03769540786743164,0.05312490463256836,0.09462881088256836
82.0,9.0,2.8814379844171865,3.1235111201249235,2.1012664547181292,4.740709576562345,4.354734088059705,2.321066609511161,0.04921865463256836,0.05751943588256836,-0.03623056411743164,0.05312490463256836,0.09169912338256836
82.0,10.0,2.5427687871942704,2.793196955808543,2.0518380947843724,4.2985650985271695,3.9114638466143323,2.3815756210024013,0.04824209213256836,0.05849599838256836,-0.03574228286743164,0.05312490463256836,0.08681631088256836
82.0,11.0,2.2642681290778013,2.5397383200100565,1.990520621905929,3.9419986353013563,3.563238341296731,2.435668319965986,0.04726552963256836,0.05947256088256836,-0.03525400161743164,0.05361318588256836,0.08632802963256836
82.0,12.0,2.3088175335243997,2.3509992994377393,1.9342641110356653,3.820891749357344,3.299792899470491,2.4710853537810133,-0.14951181411743164,0.06044912338256836,0.09023427963256836,0.05507802963256836,0.08730459213256836
82.0,13.0,2.345952550431397,2.2149248727235884,1.94067479866749,3.7650503628594776,3.1124543001378404,2.4974171535317966,-0.14951181411743164,0.06240224838256836,0.08925771713256836,0.05703115463256836,0.08974599838256836
82.0,14.0,2.369093635778596,2.1214229094547052,1.9495724301872728,3.730130356487856,2.998746094324704,2.5233016788121723,-0.14951181411743164,0.06435537338256836,0.08779287338256836,0.06240224838256836,0.09267568588256836
82.0,15.0,2.381644834290127,2.061689614260677,1.9572564556272514,3.7085912440367075,3.0026316431588524,2.5549178077120884,-0.14951181411743164,0.06728506088256836,0.08681631088256836,0.08583974838256836,0.09609365463256836
82.0,16.0,2.386566283845671,2.0287713244596213,1.9613474760858376,3.695740201378726,3.0266459770888816,2.594834096512548,-0.14951181411743164,0.07070302963256836,0.08681631088256836,0.08730459213256836,0.10097646713256836
82.0,17.0,2.386203084189644,2.0172511795364683,1.9608419892386257,3.6889251533608993,3.045872166223146,2.640653289103506,-0.14951181411743164,0.07460927963256836,0.08632802963256836,0.08925771713256836,0.10585927963256836
82.0,18.0,2.3822572512243547,2.023120569048896,1.9557500880744467,3.68688552235121,3.0612762629411514,2.685416929203709,-0.14951181411743164,0.07998037338256836,0.08681631088256836,0.09121084213256836,0.10976552963256836
82.0,19.0,2.3758532011850577,2.043480891046848,1.946620556346542,3.6891495193399013,3.073373817668448,2.7231624257157314,-0.14951181411743164,0.08632802963256836,0.08681631088256836,0.09365224838256836,0.11220693588256836
82.0,20.0,2.3676528118719085,2.076116209841569,1.9341478335417233,3.695533276311555,3.082240581912465,2.7518840727762957,-0.14951181411743164,0.09462881088256836,0.08730459213256836,0.09560537338256836,0.11367177963256836
84.0,2.0,4.819838354728464,6.091028651762905,3.2155037410857776,8.40660074651133,7.085372766772086,4.003413231566918,0.04824209213256836,0.05703115463256836,0.03896474838256836,0.05703115463256836,0.04482412338256836
84.0,3.0,4.764110545601317,6.0427090963322865,2.856464168783461,8.207951636136169,7.254664920792601,3.410785628648418,0.04775381088256836,0.05703115463256836,0.03945302963256836,0.05556631088256836,0.04433584213256836
84.0,4.0,4.589209429973426,5.538849542381255,2.524891901402057,7.623304831833747,6.993865735146988,2.6977784311813653,0.04873037338256836,0.05703115463256836,0.04042959213256836,0.05410146713256836,0.05898427963256836
84.0,5.0,4.299266790663324,4.899551521690236,2.3203732013140974,6.919062931089314,6.452190558820626,2.3533489539046943,0.05019521713256836,0.05703115463256836,-0.04404306411743164,0.05361318588256836,0.06093740463256836
84.0,6.0,3.906419889360599,4.274206872445262,2.2012450782742614,6.194710698255169,5.7913821706133515,2.3264277430146594,0.05068349838256836,0.05703115463256836,-0.04257822036743164,0.05361318588256836,0.09658193588256836
84.0,7.0,3.465533570077147,3.7241780211927202,2.1194083616314647,5.511017751942009,5.136952609278486,2.3347399075859396,0.05068349838256836,0.05751943588256836,-0.04062509536743164,0.05312490463256836,0.09560537338256836
84.0,8.0,3.037070135145931,3.268003756139335,2.088555237110657,4.926023399700663,4.555175357149289,2.3532397400530267,0.05019521713256836,0.05800771713256836,-0.03769540786743164,0.05312490463256836,0.09316396713256836
84.0,9.0,2.6542471702774657,2.9052510008645327,2.0826865819236158,4.452313423095344,4.0688616124474795,2.4026581816931474,0.04970693588256836,0.05849599838256836,-0.03525400161743164,0.05361318588256836,0.08925771713256836
84.0,10.0,2.329559664359977,2.626728218687927,2.0696540677119115,4.075538899907702,3.6787880297708124,2.4587777612082666,0.04824209213256836,0.05947256088256836,-0.03378915786743164,0.05361318588256836,0.08681631088256836
84.0,11.0,2.1874688851460236,2.419430653175935,2.0436326262873936,3.849038726777847,3.375050720555665,2.4898011585360362,-0.14951181411743164,0.06093740463256836,-0.03281259536743164,0.05410146713256836,0.08632802963256836
84.0,12.0,2.2088725083214187,2.2687375757784096,2.0088035971420872,3.7498773096806834,3.1465024588356694,2.4976978316243716,-0.14951181411743164,0.06289052963256836,-0.03281259536743164,0.05507802963256836,0.08681631088256836
84.0,13.0,2.211556613861103,2.160579632033298,1.9692137086757573,3.6656363203550977,2.9835304599894656,2.4920060579390726,-0.14951181411743164,0.06484365463256836,-0.03281259536743164,0.05703115463256836,0.08779287338256836
84.0,14.0,2.199409872108208,2.0822127289304615,2.003892861067683,3.631611244707383,2.9225176501938157,2.481339286285181,-0.14951181411743164,0.06679677963256836,0.08681631088256836,0.08974599838256836,0.08974599838256836
84.0,15.0,2.176086960966211,2.0242736830200836,2.0497657044389803,3.6103431760082145,2.936777283423105,2.4720642431006876,-0.14951181411743164,0.06923818588256836,0.08486318588256836,0.08925771713256836,0.09169912338256836
84.0,16.0,2.1449064709793033,1.9806670169761775,2.0900608987083444,3.590545942011567,2.9526635980265357,2.468501187987132,-0.14951181411743164,0.07167959213256836,0.08486318588256836,0.08974599838256836,0.09462881088256836
84.0,17.0,2.1087688756697704,1.9484266163310084,2.123811115215141,3.5712527358522292,2.9683523456791967,2.473138616586118,-0.14951181411743164,0.07412099838256836,0.08535146713256836,0.09072256088256836,0.09804677963256836
84.0,18.0,2.0701039272448876,1.926158488138347,2.151756257331896,3.553233989197598,2.983895581147165,2.4860260921250394,-0.14951181411743164,0.07705068588256836,0.08681631088256836,0.09267568588256836,0.10244131088256836
84.0,19.0,2.0308549920636074,1.9129862165046183,2.175057683729313,3.5376212616497336,2.9997651065731237,2.5042267612555453,-0.14951181411743164,0.07998037338256836,0.08828115463256836,0.09511709213256836,0.10683584213256836
84.0,20.0,1.9924978790842596,1.9079370102032416,2.194809342871192,3.5252602009799547,3.016016638609939,2.522008530168224,-0.14951181411743164,0.08388662338256836,0.09023427963256836,0.09755849838256836,0.11025381088256836
86.0,2.0,4.740942533839157,5.931323838292359,3.219443284986457,8.247542279315994,6.910409745833019,3.911438949863973,0.04824209213256836,0.05703115463256836,0.03896474838256836,0.05751943588256836,0.04482412338256836
86.0,3.0,4.583503005921196,5.814019609423766,2.8588731114636547,7.936276160234257,6.933585752286418,3.2871603149597792,0.04775381088256836,0.05703115463256836,0.03945302963256836,0.05605459213256836,0.04433584213256836
86.0,4.0,4.348727725905497,5.235329476753415,2.519750711365146,7.257358418298461,6.5506479900278,2.5663324792579845,0.04873037338256836,0.05703115463256836,-0.12753915786743164,0.05458974838256836,0.05947256088256836
86.0,5.0,4.0292009597190885,4.554390198105224,2.3510113078493546,6.519523343008575,5.975110143726151,2.2559572895185505,0.05019521713256836,0.05751943588256836,-0.12656259536743164,0.05410146713256836,0.09755849838256836
86.0,6.0,3.6518812794011577,3.941407007630986,2.231979762032672,5.818303853939454,5.360679811678127,2.297703291396098,0.05117177963256836,0.05751943588256836,-0.12509775161743164,0.05361318588256836,0.09707021713256836
86.0,7.0,3.2453629307620115,3.4400113917019324,2.1497907478168203,5.194964791680697,4.7895338591643375,2.32369417212671,0.05117177963256836,0.05800771713256836,-0.12363290786743164,0.05361318588256836,0.09511709213256836
86.0,8.0,2.85390021444171,3.0463392270554013,2.0903166118184173,4.668442208909838,4.297628301442764,2.3597018831275265,0.05068349838256836,0.05849599838256836,-0.12216806411743164,0.05410146713256836,0.09267568588256836
86.0,9.0,2.5057898241070813,2.7459321518289546,2.0402425991752366,4.240485336436847,3.89420408699785,2.413153876075826,0.05019521713256836,0.05947256088256836,-0.12119150161743164,0.05410146713256836,0.08925771713256836
86.0,10.0,2.227237137048999,2.5207014035281685,2.036931864530261,3.9323799728838296,3.5734559861405444,2.4528242591633367,0.09218740463256836,0.06044912338256836,-0.03183603286743164,0.05410146713256836,0.08730459213256836
86.0,11.0,2.049634763454217,2.3543334080548295,2.0530972781717627,3.736187481039916,3.324285760418398,2.460981527221675,-0.14951181411743164,0.06191396713256836,-0.02988290786743164,0.05458974838256836,0.08681631088256836
86.0,12.0,2.0359114176030872,2.2301266036436775,2.054783057337157,3.6524694908138153,3.1353058887173226,2.4430117093544297,-0.14951181411743164,0.06386709213256836,-0.02939462661743164,0.05507802963256836,0.08632802963256836
86.0,13.0,2.005875432528425,2.133149549457802,2.044206277339549,3.5710842268822973,2.9949029507975933,2.4075020211500835,-0.14951181411743164,0.06533193588256836,-0.02890634536743164,0.05605459213256836,0.08632802963256836
86.0,14.0,1.9637278475098208,2.051366484783566,2.0244549535624183,3.487513350939642,2.8937175795835146,2.361827700968444,-0.14951181411743164,0.06679677963256836,-0.02890634536743164,0.05800771713256836,0.08632802963256836
86.0,15.0,1.9127115310127099,1.993154362708676,1.9986436314128107,3.4096489672458365,2.824802588674999,2.311542395754109,-0.14951181411743164,-0.07724618911743164,-0.02939462661743164,0.06044912338256836,0.08681631088256836
86.0,16.0,1.8554077732635663,1.9439042020376769,1.9819342655619916,3.339066484033427,2.7824864856160882,2.2602902895929953,-0.14951181411743164,-0.07773447036743164,0.07021474838256836,0.06484365463256836,0.08730459213256836
86.0,17.0,1.7942686776624661,1.8980353955334122,2.0216550759155094,3.302881726055784,2.760292914280825,2.2107812640392823,-0.14902353286743164,-0.07871103286743164,0.07412099838256836,0.07021474838256836,0.08779287338256836
86.0,18.0,1.7338207125963976,1.8556553263371567,2.0569681760658827,3.2681354058452876,2.7467592130766056,2.164727058071395,-0.14707040786743164,-0.07919931411743164,0.07705068588256836,0.07412099838256836,0.08828115463256836
86.0,19.0,1.675373222781971,1.8167638799374353,2.087409526715679,3.2349319874277955,2.7348144983615157,2.123342200302779,-0.14560556411743164,-0.08017587661743164,0.07949209213256836,0.07607412338256836,0.08925771713256836
86.0,20.0,1.619213000132211,1.7811461382946698,2.113513704836664,3.2033221015520077,2.7235088673772734,2.0871414774882555,-0.14414072036743164,-0.08115243911743164,0.08144521713256836,0.07753896713256836,0.09072256088256836
88.0,2.0,4.67195308904929,5.777920760971508,3.221293886303922,8.098657190441006,6.743829325970717,3.824039200401256,0.04824209213256836,0.05751943588256836,0.03896474838256836,0.05751943588256836,0.04482412338256836
88.0,3.0,4.41211044093602,5.5970014957836005,2.8629744802746275,7.680479617935607,6.641283459595499,3.176833003286337,0.04775381088256836,0.05751943588256836,0.03945302963256836,0.05654287338256836,0.04433584213256836
88.0,4.0,4.117908840340413,4.957181756527654,2.6074918294674463,6.951966471822474,6.148170509915943,2.457020820601418,0.04873037338256836,0.05751943588256836,-0.12802743911743164,0.05556631088256836,0.05947256088256836
88.0,5.0,3.7664694177759115,4.241002935184899,2.4772949037412215,6.189457796236304,5.528881062432845,2.200839580198759,0.05019521713256836,0.05800771713256836,-0.12656259536743164,0.05458974838256836,0.09804677963256836
88.0,6.0,3.4093186943258473,3.6418526616778166,2.379309057405839,5.526993428574252,4.959991016226545,2.2433998814717193,0.05117177963256836,0.05849599838256836,-0.12558603286743164,0.05458974838256836,0.09755849838256836
88.0,7.0,3.05027011837767,3.188180486442987,2.301832462053061,4.976653021114172,4.481589105620763,2.274377003241647,0.05166006088256836,0.05898427963256836,-0.12460947036743164,0.05458974838256836,0.09560537338256836
88.0,8.0,2.7752709315281274,2.8570652120739615,2.23574359226822,4.567658019138105,4.093133548942994,2.313361640111422,0.08925771713256836,0.05947256088256836,-0.12363290786743164,0.05458974838256836,0.09267568588256836
88.0,9.0,2.6024573762077807,2.616493515110348,2.1737320531903976,4.2829818758267155,3.7833072179072076,2.3574823943625205,0.09072256088256836,0.05996084213256836,-0.12265634536743164,0.05458974838256836,0.08974599838256836
88.0,10.0,2.430476028071418,2.4447733106111724,2.1107761805995,4.042215524671184,3.5392467937927092,2.3797413144818336,0.09218740463256836,-0.07626962661743164,-0.12167978286743164,0.05458974838256836,0.08828115463256836
88.0,11.0,2.262013067182499,2.415578076429928,2.0453269655218493,3.8903833943872557,3.3487545271905534,2.3700631412836963,0.09365224838256836,-0.07626962661743164,-0.12119150161743164,0.05507802963256836,0.08730459213256836
88.0,12.0,2.098152314918063,2.374154471839167,2.051437258459468,3.774552611654213,3.2007139109863467,2.3347751206790486,0.09462881088256836,-0.07626962661743164,-0.02304697036743164,0.05507802963256836,0.08632802963256836
88.0,13.0,1.9393212728156026,2.3260361107368754,2.073924394560501,3.6705004266448737,3.085672797732595,2.282745917037799,0.09560537338256836,-0.07626962661743164,-0.02304697036743164,0.05556631088256836,0.08583974838256836
88.0,14.0,1.7872502215377866,2.275158757312666,2.0832844961766415,3.5652047651394927,2.996011357141004,2.2216900589923325,0.09609365463256836,-0.07675790786743164,-0.02255868911743164,0.05556631088256836,0.08486318588256836
88.0,15.0,1.6437107292032735,2.2245641667598566,2.0832981303126106,3.462744835111873,2.925618025469039,2.1568285473713384,0.09609365463256836,-0.07724618911743164,-0.02207040786743164,0.05605459213256836,0.08388662338256836
88.0,16.0,1.5762856612618876,2.1761829691388286,2.0770731854145392,3.396274697170094,2.8692162658248144,2.09185321736949,-0.14951181411743164,-0.07773447036743164,-0.02158212661743164,0.05654287338256836,0.08291006088256836
88.0,17.0,1.510122059644551,2.1311072556639887,2.067024601789394,3.3308673757103273,2.822865147358744,2.02914349212155,-0.14853525161743164,-0.07822275161743164,-0.02109384536743164,0.05654287338256836,0.08144521713256836
88.0,18.0,1.4513331754163081,2.0900269824257323,2.0551887589655706,3.2708380590163797,2.7836607711912813,1.969995061540399,-0.14609384536743164,-0.07919931411743164,-0.02011728286743164,0.05654287338256836,0.08046865463256836
88.0,19.0,1.4014768519998282,2.053149507518329,2.0432571623353324,3.217834690960482,2.7495736069614534,1.9151217447891187,-0.14365243911743164,-0.08017587661743164,-0.01865243911743164,0.05654287338256836,0.07900381088256836
88.0,20.0,1.360254146186983,2.0205040332217172,2.0327808340774562,3.172526723272279,2.719261828706685,1.8646374206987846,-0.14072275161743164,-0.08115243911743164,-0.01718759536743164,0.05605459213256836,0.07753896713256836
90.0,2.0,4.612408224408193,5.631612471999227,3.2208899124749006,7.9601193767209395,6.584397270263966,3.745470587113257,0.04824209213256836,0.05751943588256836,0.03896474838256836,0.05751943588256836,0.04531240463256836
90.0,3.0,4.250698075532175,5.397317267349911,2.8681711705764554,7.444855517569993,6.3756059227959065,3.0776566002140804,0.04775381088256836,0.05751943588256836,0.03945302963256836,0.05703115463256836,0.04433584213256836
90.0,4.0,3.90264170272411,4.704976280708263,2.681590045089498,6.675203310146576,5.7860649647608415,2.3663520671912415,0.04824209213256836,0.05751943588256836,-0.12802743911743164,0.05605459213256836,0.05947256088256836
90.0,5.0,3.515922364964073,3.9602636062680467,2.588640045234118,5.89461238686442,5.120568840957257,2.1515167839975584,0.04970693588256836,0.05800771713256836,-0.12705087661743164,0.05556631088256836,0.14589834213256836
90.0,6.0,3.1723659286539347,3.3721290146790444,2.512436078928556,5.267589081128719,4.584780035538289,2.169647101838101,0.05117177963256836,0.05898427963256836,-0.12607431411743164,0.05507802963256836,0.09853506088256836
90.0,7.0,3.017179878324987,2.9619841249858654,2.442804605454175,4.883033761430039,4.194300633153605,2.203590538528398,0.08730459213256836,0.05947256088256836,-0.12509775161743164,0.05507802963256836,0.14785146713256836
90.0,8.0,2.890851260356351,2.685075617386329,2.374110160376147,4.604677093367974,3.9081460133954966,2.226770836202494,0.08925771713256836,0.05996084213256836,-0.12460947036743164,0.05507802963256836,0.14931631088256836
90.0,9.0,2.764340431633528,2.5904893361226313,2.3022833900530313,4.433139049324191,3.6931693335261504,2.248528937130127,0.09072256088256836,-0.07724618911743164,-0.12412118911743164,0.05556631088256836,0.09121084213256836
90.0,10.0,2.6361742283055105,2.5925457019225218,2.22684704729084,4.316196885055989,3.52614645497751,2.254443807919946,0.09169912338256836,-0.07675790786743164,-0.12314462661743164,0.05556631088256836,0.08925771713256836
90.0,11.0,2.506231873007963,2.57555089729316,2.1489820598841645,4.187216798725926,3.393522123955791,2.232662409823792,0.09267568588256836,-0.07626962661743164,-0.12265634536743164,0.05605459213256836,0.08828115463256836
90.0,12.0,2.376389175155811,2.5454637581846904,2.0727064331582175,4.052495924005958,3.2856820027215288,2.1887749853612233,0.09316396713256836,-0.07626962661743164,-0.01035165786743164,0.05605459213256836,0.08730459213256836
90.0,13.0,2.249872022327465,2.5067083998177866,2.101366579540135,3.970044410353256,3.1959207398611413,2.131440410563336,0.09316396713256836,-0.07626962661743164,-0.01083993911743164,0.05605459213256836,0.08632802963256836
90.0,14.0,2.1302280093294343,2.462936812284506,2.130036265355802,3.891141683975116,3.119943900183808,2.0684354160091947,0.09316396713256836,-0.07626962661743164,-0.01083993911743164,0.05605459213256836,0.08486318588256836
90.0,15.0,2.0197341107272657,2.416753415637345,2.158142070320283,3.818062354875356,3.0548965841402262,2.00538825151225,0.09267568588256836,-0.07626962661743164,-0.00986337661743164,0.05556631088256836,0.08339834213256836
90.0,16.0,1.9204414315628828,2.3700089945183795,2.1862217942026003,3.752945997427588,2.9988318454497582,1.9460695035365687,0.09121084213256836,-0.07626962661743164,-0.00791025161743164,0.05507802963256836,0.08144521713256836
90.0,17.0,1.8333350381034355,2.324170189078939,2.2150083362785993,3.6971808664879573,2.9505010521057096,1.8926266127712372,0.08925771713256836,-0.07675790786743164,-0.005468845367431641,0.05458974838256836,0.07949209213256836
90.0,18.0,1.7592473685326686,2.2800810938798355,2.244554440173885,3.6512663191366483,2.909256210859463,1.845688024319599,0.08681631088256836,-0.07675790786743164,-0.0025391578674316406,0.05312490463256836,0.07753896713256836
90.0,19.0,1.698009630626727,2.238437683150233,2.273716942757412,3.614364218341894,2.874875864572732,1.8049581408085462,0.08339834213256836,-0.07724618911743164,-9.775161743164062e-05,0.05166006088256836,0.07509756088256836
90.0,20.0,1.648045975221208,2.19939803680073,2.3004523417228615,3.584060300450304,2.847476142051831,1.76946161267754,0.07998037338256836,-0.07773447036743164,0.0023436546325683594,0.04970693588256836,0.07265615463256836
